0.00101802,0,0,0.0406678,2.79E-07,2.70E-08,0,2583.14,0
0.00104279,0,0,0.0416575,6.62E-07,4.17E-08,0,2588.22,0
0.00106757,0,0,0.0426472,1.04E-06,5.26E-08,0,2594.05,0
0.00109234,0,0,0.0436369,1.42E-06,6.18E-08,0,2598.71,0
0.00111712,0,0,0.0446266,1.81E-06,6.99E-08,0,2603.3,0
0.00114189,0,0,0.0456163,2.19E-06,7.73E-08,0,2607.91,0
0.00116667,0,0,0.046606,2.56E-06,8.41E-08,0,2612.3,0
0.00119144,0,0,0.0475957,2.94E-06,9.05E-08,0,2616.5,0
0.00121622,0,0,0.0485854,3.32E-06,9.66E-08,0,2620.59,0
0.00124099,0,0,0.0495751,3.70E-06,1.02E-07,0,2624.55,0
0.00126577,0,0,0.0505648,4.07E-06,1.08E-07,0,2628.39,0
0.00129054,0,0,0.0515545,4.45E-06,1.13E-07,0,2632.1,0
0.00131532,0,0,0.0525442,4.83E-06,1.19E-07,0,2635.71,0
0.00134009,0,0,0.0535339,5.20E-06,1.24E-07,0,2639.21,0
0.00136486,0,0,0.0545236,5.58E-06,1.29E-07,0,2642.62,0
0.00138964,0,0,0.0555133,5.95E-06,1.33E-07,0,2645.93,0
0.00141441,0,0,0.056503,6.33E-06,1.38E-07,0,2649.16,0
0.00143919,0,0,0.0574927,6.70E-06,1.43E-07,0,2652.3,0
0.00146396,0,0,0.0584824,7.07E-06,1.47E-07,0,2655.36,0
0.00148874,0,0,0.0594721,7.44E-06,1.52E-07,0,2658.35,0
0.00151351,0,0,0.0604618,7.82E-06,1.56E-07,0,2661.26,0
0.00153829,0,0,0.0614515,8.19E-06,1.60E-07,0,2664.11,0
0.00156306,0,0,0.0624412,8.56E-06,1.65E-07,0,2666.9,0
0.00158784,0,0,0.0634309,8.93E-06,1.69E-07,0,2669.63,0
0.00161261,0,0,0.0644206,9.30E-06,1.73E-07,0,2672.29,0
0.00163739,0,0,0.0654104,9.67E-06,1.77E-07,0,2674.91,0
0.00166216,0,0,0.0664001,1.00E-05,1.81E-07,0,2677.47,0
0.00168694,0,0,0.0673898,1.04E-05,1.85E-07,0,2679.98,0
0.00171171,0,0,0.0683795,1.08E-05,1.89E-07,0,2682.45,0
0.00173649,0,0,0.0693692,1.11E-05,1.93E-07,0,2684.87,0
0.00176126,0,0,0.0703589,1.15E-05,1.97E-07,0,2687.25,0
0.00178604,0,0,0.0713486,1.19E-05,2.01E-07,0,2689.59,0
0.00181081,0,0,0.0723383,1.23E-05,2.05E-07,0,2691.89,0
0.00183559,0,0,0.073328,1.26E-05,2.08E-07,0,2694.15,0
0.00186036,0,0,0.0743177,1.30E-05,2.12E-07,0,2696.39,0
0.00188514,0,0,0.0753074,1.34E-05,2.16E-07,0,2698.58,0
0.00190991,0,0,0.0762971,1.37E-05,2.20E-07,0,2700.75,0
0.00193468,0,0,0.0772868,1.41E-05,2.23E-07,0,2702.89,0
0.00195946,0,0,0.0782765,1.45E-05,2.27E-07,0,2705,0
0.00198423,0,0,0.0792662,1.48E-05,2.31E-07,0,2707.08,0
0.00200901,0,0,0.0802559,1.52E-05,2.34E-07,0,2709.14,0
0.00203378,0,0,0.0812456,1.55E-05,2.38E-07,0,2711.17,0
0.00205856,0,0,0.0822353,1.59E-05,2.42E-07,0,2713.17,0
0.00208333,0,0,0.083225,1.63E-05,2.45E-07,0,2715.16,0
0.00210811,0,0,0.0842147,1.66E-05,2.49E-07,0,2717.13,0
0.00213288,0,0,0.0852044,1.70E-05,2.52E-07,0,2719.07,0
0.00215766,0,0,0.0861941,1.74E-05,2.56E-07,0,2721,0
0.00218243,0,0,0.0871838,1.77E-05,2.59E-07,0,2722.91,0
0.00220721,0,0,0.0881735,1.81E-05,2.63E-07,0,2724.8,0
0.00223198,0,0,0.0891632,1.85E-05,2.66E-07,0,2726.67,0
0.00225676,0,0,0.0901529,1.88E-05,2.70E-07,0,2728.53,0
0.00228153,0,0,0.0911426,1.92E-05,2.73E-07,0,2730.37,0
0.00230631,0,0,0.0921323,1.95E-05,2.77E-07,0,2732.2,0
0.00233108,0,0,0.093122,1.99E-05,2.80E-07,0,2734.02,0
0.00235586,0,0,0.0941117,2.03E-05,2.83E-07,0,2735.82,0
0.00238063,0,0,0.0951014,2.06E-05,2.87E-07,0,2737.61,0
0.00240541,0,0,0.0960911,2.10E-05,2.90E-07,0,2739.39,0
0.00243018,0,0,0.0970808,2.14E-05,2.94E-07,0,2741.16,0
0.00245495,0,0,0.0980705,2.17E-05,2.97E-07,0,2742.92,0
0.00247973,0,0,0.0990602,2.21E-05,3.00E-07,0,2744.66,0
0.0025045,0,0,0.10005,2.24E-05,3.04E-07,0,2746.4,0
0.00252928,0,0,0.10104,2.28E-05,3.07E-07,0,2748.13,0
0.00255405,0,0,0.102029,2.32E-05,3.10E-07,0,2749.85,0
0.00257883,0,0,0.103019,2.35E-05,3.14E-07,0,2751.56,0
0.0026036,0,0,0.104009,2.39E-05,3.17E-07,0,2753.27,0
0.00262838,0,0,0.104998,2.42E-05,3.20E-07,0,2754.96,0
0.00265315,0,0,0.105988,2.46E-05,3.23E-07,0,2756.65,0
0.00267793,0,0,0.106978,2.50E-05,3.27E-07,0,2758.34,0
0.0027027,0,0,0.107968,2.53E-05,3.30E-07,0,2760.01,0
0.00272748,0,0,0.108957,2.57E-05,3.33E-07,0,2761.69,0
0.00275225,0,0,0.109947,2.60E-05,3.36E-07,0,2763.35,0
0.00277703,0,0,0.110937,2.64E-05,3.40E-07,0,2765.01,0
0.0028018,0,0,0.111926,2.67E-05,3.43E-07,0,2766.67,0
0.00282658,0,0,0.112916,2.71E-05,3.46E-07,0,2768.32,0
0.00285135,0,0,0.113906,2.75E-05,3.49E-07,0,2769.97,0
0.00287613,0,0,0.114895,2.78E-05,3.53E-07,0,2771.61,0
0.0029009,0,0,0.115885,2.82E-05,3.56E-07,0,2773.25,0
0.00292568,0,0,0.116875,2.85E-05,3.59E-07,0,2774.88,0
0.00295045,0,0,0.117865,2.89E-05,3.62E-07,0,2776.51,0
0.00297523,0,0,0.118854,2.92E-05,3.65E-07,0,2778.14,0
0.003,0,0,0.119844,2.96E-05,3.68E-07,0,2779.76,0
0.00302477,0,0,0.120834,3.00E-05,3.72E-07,0,2781.39,0
0.00304955,0,0,0.121823,3.03E-05,3.75E-07,0,2783.01,0
0.00307432,0,0,0.122813,3.07E-05,3.78E-07,0,2784.62,0
0.0030991,0,0,0.123803,3.10E-05,3.81E-07,0,2786.24,0
0.00312387,0,0,0.124793,3.14E-05,3.84E-07,0,2787.85,0
0.00314865,0,0,0.125782,3.17E-05,3.87E-07,0,2789.46,0
0.00317342,0,0,0.126772,3.21E-05,3.90E-07,0,2791.07,0
0.0031982,0,0,0.127762,3.24E-05,3.94E-07,0,2792.68,0
0.00322297,0,0,0.128751,3.28E-05,3.97E-07,0,2794.28,0
0.00324775,0,0,0.129741,3.32E-05,4.00E-07,0,2795.89,0
0.00327252,0,0,0.130731,3.35E-05,4.03E-07,0,2797.49,0
0.0032973,0,0,0.13172,3.39E-05,4.06E-07,0,2799.09,0
0.00332207,0,0,0.13271,3.42E-05,4.09E-07,0,2800.69,0
0.00334685,0,0,0.1337,3.46E-05,4.12E-07,0,2802.29,0
0.00337162,0,0,0.13469,3.49E-05,4.15E-07,0,2803.89,0
0.0033964,0,0,0.135679,3.53E-05,4.18E-07,0,2805.49,0
0.00342117,0,0,0.136669,3.56E-05,4.21E-07,0,2807.08,0
0.00344595,0,0,0.137659,3.60E-05,4.24E-07,0,2808.68,0
0.00347072,0,0,0.138648,3.63E-05,4.27E-07,0,2810.28,0
0.0034955,0,0,0.139638,3.67E-05,4.30E-07,0,2811.87,0
0.00352027,0,0,0.140628,3.70E-05,4.33E-07,0,2813.47,0
0.00354505,0,0,0.141617,3.74E-05,4.36E-07,0,2815.07,0
0.00356982,0,0,0.142607,3.77E-05,4.39E-07,0,2816.66,0
0.00359459,0,0,0.143597,3.81E-05,4.42E-07,0,2818.26,0
0.00361937,0,0,0.144587,3.84E-05,4.45E-07,0,2819.85,0
0.00364414,0,0,0.145576,3.88E-05,4.48E-07,0,2821.45,0
0.00366892,0,0,0.146566,3.91E-05,4.51E-07,0,2823.04,0
0.00369369,0,0,0.147556,3.95E-05,4.54E-07,0,2824.64,0
0.00371847,0,0,0.148545,3.98E-05,4.57E-07,0,2826.24,0
0.00374324,0,0,0.149535,4.02E-05,4.60E-07,0,2827.83,0
0.00376802,0,0,0.150525,4.05E-05,4.63E-07,0,2829.43,0
0.00379279,0,0,0.151514,4.09E-05,4.66E-07,0,2831.03,0
0.00381757,0,0,0.152504,4.12E-05,4.69E-07,0,2832.63,0
0.00384234,0,0,0.153494,4.16E-05,4.72E-07,0,2834.22,0
0.00386712,0,0,0.154484,4.19E-05,4.75E-07,0,2835.82,0
0.00389189,0,0,0.155473,4.23E-05,4.78E-07,0,2837.42,0
0.00391667,0,0,0.156463,4.26E-05,4.81E-07,0,2839.02,0
0.00394144,0,0,0.157453,4.30E-05,4.84E-07,0,2840.62,0
0.00396622,0,0,0.158442,4.33E-05,4.87E-07,0,2842.22,0
0.00399099,0,0,0.159432,4.37E-05,4.90E-07,0,2843.83,0
0.00401577,0,0,0.160422,4.40E-05,4.93E-07,0,2845.43,0
0.00404054,0,0,0.161412,4.44E-05,4.96E-07,0,2847.03,0
0.00406532,0,0,0.162401,4.47E-05,4.99E-07,0,2848.64,0
0.00409009,0,0,0.163391,4.51E-05,5.02E-07,0,2850.24,0
0.00411486,0,0,0.164381,4.54E-05,5.05E-07,0,2851.85,0
0.00413964,0,0,0.16537,4.58E-05,5.07E-07,0,2853.46,0
0.00416441,0,0,0.16636,4.61E-05,5.10E-07,0,2855.07,0
0.00418919,0,0,0.16735,4.65E-05,5.13E-07,0,2856.68,0
0.00421396,0,0,0.168339,4.68E-05,5.16E-07,0,2858.29,0
0.00423874,0,0,0.169329,4.72E-05,5.19E-07,0,2859.9,0
0.00426351,0,0,0.170319,4.75E-05,5.22E-07,0,2861.51,0
0.00428829,0,0,0.171309,4.78E-05,5.25E-07,0,2863.12,0
0.00431306,0,0,0.172298,4.82E-05,5.28E-07,0,2864.74,0
0.00433784,0,0,0.173288,4.85E-05,5.31E-07,0,2866.35,0
0.00436261,0,0,0.174278,4.89E-05,5.33E-07,0,2867.97,0
0.00438739,0,0,0.175267,4.92E-05,5.36E-07,0,2869.59,0
0.00441216,0,0,0.176257,4.96E-05,5.39E-07,0,2871.21,0
0.00443694,0,0,0.177247,4.99E-05,5.42E-07,0,2872.83,0
0.00446171,0,0,0.178236,5.03E-05,5.45E-07,0,2874.45,0
0.00448649,0,0,0.179226,5.06E-05,5.48E-07,0,2876.07,0
0.00451126,0,0,0.180216,5.09E-05,5.50E-07,0,2877.69,0
0.00453604,0,0,0.181206,5.13E-05,5.53E-07,0,2879.32,0
0.00456081,0,0,0.182195,5.16E-05,5.56E-07,0,2880.94,0
0.00458559,0,0,0.183185,5.20E-05,5.59E-07,0,2882.57,0
0.00461036,0,0,0.184175,5.23E-05,5.62E-07,0,2884.2,0
0.00463514,0,0,0.185164,5.27E-05,5.65E-07,0,2885.83,0
0.00465991,0,0,0.186154,5.30E-05,5.67E-07,0,2887.46,0
0.00468468,0,0,0.187144,5.34E-05,5.70E-07,0,2889.09,0
0.00470946,0,0,0.188133,5.37E-05,5.73E-07,0,2890.72,0
0.00473423,0,0,0.189123,5.40E-05,5.76E-07,0,2892.35,0
0.00475901,0,0,0.190113,5.44E-05,5.79E-07,0,2893.99,0
0.00478378,0,0,0.191103,5.47E-05,5.81E-07,0,2895.62,0
0.00480856,0,0,0.192092,5.51E-05,5.84E-07,0,2897.26,0
0.00483333,0,0,0.193082,5.54E-05,5.87E-07,0,2898.9,0
0.00485811,0,0,0.194072,5.57E-05,5.90E-07,0,2900.54,0
0.00488288,0,0,0.195061,5.61E-05,5.93E-07,0,2902.18,0
0.00490766,0,0,0.196051,5.64E-05,5.95E-07,0,2903.82,0
0.00493243,0,0,0.197041,5.68E-05,5.98E-07,0,2905.47,0
0.00495721,0,0,0.198031,5.71E-05,6.01E-07,0,2907.11,0
0.00498198,0,0,0.19902,5.74E-05,6.04E-07,0,2908.76,0
0.00500676,0,0,0.20001,5.78E-05,6.06E-07,0,2910.4,0
0.00503153,0,0,0.201,5.81E-05,6.09E-07,0,2912.05,0
0.00505631,0,0,0.201989,5.85E-05,6.12E-07,0,2913.7,0
0.00508108,0,0,0.202979,5.88E-05,6.15E-07,0,2915.35,0
0.00510586,0,0,0.203969,5.91E-05,6.17E-07,0,2917,0
0.00513063,0,0,0.204958,5.95E-05,6.20E-07,0,2918.65,0
0.00515541,0,0,0.205948,5.98E-05,6.23E-07,0,2920.31,0
0.00518018,0,0,0.206938,6.02E-05,6.26E-07,0,2921.96,0
0.00520495,0,0,0.207928,6.05E-05,6.28E-07,0,2923.62,0
0.00522973,0,0,0.208917,6.08E-05,6.31E-07,0,2925.28,0
0.0052545,0,0,0.209907,6.12E-05,6.34E-07,0,2926.93,0
0.00527928,0,0,0.210897,6.15E-05,6.36E-07,0,2928.59,0
0.00530405,0,0,0.211886,6.19E-05,6.39E-07,0,2930.25,0
0.00532883,0,0,0.212876,6.22E-05,6.42E-07,0,2931.92,0
0.0053536,0,0,0.213866,6.25E-05,6.45E-07,0,2933.58,0
0.00537838,0,0,0.214855,6.29E-05,6.47E-07,0,2935.24,0
0.00540315,0,0,0.215845,6.32E-05,6.50E-07,0,2936.91,0
0.00542793,0,0,0.216835,6.35E-05,6.53E-07,0,2938.57,0
0.0054527,0,0,0.217825,6.39E-05,6.55E-07,0,2940.24,0
0.00547748,0,0,0.218814,6.42E-05,6.58E-07,0,2941.91,0
0.00550225,0,0,0.219804,6.45E-05,6.61E-07,0,2943.58,0
0.00552703,0,0,0.220794,6.49E-05,6.63E-07,0,2945.25,0
0.0055518,0,0,0.221783,6.52E-05,6.66E-07,0,2946.92,0
0.00557658,0,0,0.222773,6.56E-05,6.69E-07,0,2948.59,0
0.00560135,0,0,0.223763,6.59E-05,6.71E-07,0,2950.27,0
0.00562613,0,0,0.224752,6.62E-05,6.74E-07,0,2951.94,0
0.0056509,0,0,0.225742,6.66E-05,6.77E-07,0,2953.62,0
0.00567568,0,0,0.226732,6.69E-05,6.79E-07,0,2955.29,0
0.00570045,0,0,0.227722,6.72E-05,6.82E-07,0,2956.97,0
0.00572523,0,0,0.228711,6.76E-05,6.85E-07,0,2958.65,0
0.00575,0,0,0.229701,6.79E-05,6.87E-07,0,2960.33,0
0.00577477,0,0,0.230691,6.82E-05,6.90E-07,0,2962.01,0
0.00579955,0,0,0.23168,6.86E-05,6.93E-07,0,2963.69,0
0.00582432,0,0,0.23267,6.89E-05,6.95E-07,0,2965.38,0
0.0058491,0,0,0.23366,6.92E-05,6.98E-07,0,2967.06,0
0.00587387,0,0,0.23465,6.96E-05,7.00E-07,0,2968.75,0
0.00589865,0,0,0.235639,6.99E-05,7.03E-07,0,2970.43,0
0.00592342,0,0,0.236629,7.02E-05,7.06E-07,0,2972.12,0
0.0059482,0,0,0.237619,7.06E-05,7.08E-07,0,2973.81,0
0.00597297,0,0,0.238608,7.09E-05,7.11E-07,0,2975.49,0
0.00599775,0,0,0.239598,7.12E-05,7.13E-07,0,2977.18,0
0.00602252,0,0,0.240588,7.16E-05,7.16E-07,0,2978.87,0
0.0060473,0,0,0.241577,7.19E-05,7.19E-07,0,2980.56,0
0.00607207,0,0,0.242567,7.22E-05,7.21E-07,0,2982.26,0
0.00609685,0,0,0.243557,7.26E-05,7.24E-07,0,2983.95,0
0.00612162,0,0,0.244547,7.29E-05,7.26E-07,0,2985.64,0
0.0061464,0,0,0.245536,7.32E-05,7.29E-07,0,2987.34,0
0.00617117,0,0,0.246526,7.36E-05,7.32E-07,0,2989.04,0
0.00619595,0,0,0.247516,7.39E-05,7.34E-07,0,2990.73,0
0.00622072,0,0,0.248505,7.42E-05,7.37E-07,0,2992.43,0
0.0062455,0,0,0.249495,7.46E-05,7.39E-07,0,2994.13,0
0.00627027,0,0,0.250485,7.49E-05,7.42E-07,0,2995.83,0
0.00629505,0,0,0.251474,7.52E-05,7.44E-07,0,2997.53,0
0.00631982,0,0,0.252464,7.55E-05,7.47E-07,0,2999.23,0
0.00634459,0,0,0.253454,7.59E-05,7.50E-07,0,3000.93,0
0.00636937,0,0,0.254444,7.62E-05,7.52E-07,0,3002.63,0
0.00639414,0,0,0.255433,7.65E-05,7.55E-07,0,3004.33,0
0.00641892,0,0,0.256423,7.69E-05,7.57E-07,0,3006.04,0
0.00644369,0,0,0.257413,7.72E-05,7.60E-07,0,3007.74,0
0.00646847,0,0,0.258402,7.75E-05,7.62E-07,0,3009.45,0
0.00649324,0,0,0.259392,7.78E-05,7.65E-07,0,3011.15,0
0.00651802,0,0,0.260382,7.82E-05,7.67E-07,0,3012.86,0
0.00654279,0,0,0.261371,7.85E-05,7.70E-07,0,3014.57,0
0.00656757,0,0,0.262361,7.88E-05,7.72E-07,0,3016.28,0
0.00659234,0,0,0.263351,7.92E-05,7.75E-07,0,3017.99,0
0.00661712,0,0,0.264341,7.95E-05,7.77E-07,0,3019.7,0
0.00664189,0,0,0.26533,7.98E-05,7.80E-07,0,3021.41,0
0.00666667,0,0,0.26632,8.01E-05,7.82E-07,0,3023.12,0
0.00669144,0,0,0.26731,8.05E-05,7.85E-07,0,3024.83,0
0.00671622,0,0,0.268299,8.08E-05,7.87E-07,0,3026.54,0
0.00674099,0,0,0.269289,8.11E-05,7.90E-07,0,3028.26,0
0.00676577,0,0,0.270279,8.15E-05,7.92E-07,0,3029.97,0
0.00679054,0,0,0.271269,8.18E-05,7.95E-07,0,3031.69,0
0.00681532,0,0,0.272258,8.21E-05,7.97E-07,0,3033.4,0
0.00684009,0,0,0.273248,8.24E-05,8.00E-07,0,3035.12,0
0.00686486,0,0,0.274238,8.28E-05,8.02E-07,0,3036.84,0
0.00688964,0,0,0.275227,8.31E-05,8.05E-07,0,3038.55,0
0.00691441,0,0,0.276217,8.34E-05,8.07E-07,0,3040.27,0
0.00693919,0,0,0.277207,8.37E-05,8.10E-07,0,3041.99,0
0.00696396,0,0,0.278196,8.41E-05,8.12E-07,0,3043.71,0
0.00698874,0,0,0.279186,8.44E-05,8.15E-07,0,3045.43,0
0.00701351,0,0,0.280176,8.47E-05,8.17E-07,0,3047.15,0
0.00703829,0,0,0.281166,8.50E-05,8.20E-07,0,3048.87,0
0.00706306,0,0,0.282155,8.54E-05,8.22E-07,0,3050.59,0
0.00708784,0,0,0.283145,8.57E-05,8.25E-07,0,3052.31,0
0.00711261,0,0,0.284135,8.60E-05,8.27E-07,0,3054.04,0
0.00713739,0,0,0.285124,8.63E-05,8.30E-07,0,3055.76,0
0.00716216,0,0,0.286114,8.67E-05,8.32E-07,0,3057.48,0
0.00718694,0,0,0.287104,8.70E-05,8.34E-07,0,3059.21,0
0.00721171,0,0,0.288093,8.73E-05,8.37E-07,0,3060.93,0
0.00723649,0,0,0.289083,8.76E-05,8.39E-07,0,3062.66,0
0.00726126,0,0,0.290073,8.79E-05,8.42E-07,0,3064.38,0
0.00728604,0,0,0.291063,8.83E-05,8.44E-07,0,3066.11,0
0.00731081,0,0,0.292052,8.86E-05,8.47E-07,0,3067.83,0
0.00733559,0,0,0.293042,8.89E-05,8.49E-07,0,3069.56,0
0.00736036,0,0,0.294032,8.92E-05,8.52E-07,0,3071.29,0
0.00738514,0,0,0.295021,8.96E-05,8.54E-07,0,3073.02,0
0.00740991,0,0,0.296011,8.99E-05,8.56E-07,0,3074.75,0
0.00743468,0,0,0.297001,9.02E-05,8.59E-07,0,3076.48,0
0.00745946,0,0,0.29799,9.05E-05,8.61E-07,0,3078.21,0
0.00748423,0,0,0.29898,9.08E-05,8.64E-07,0,3079.93,0
0.00750901,0,0,0.29997,9.12E-05,8.66E-07,0,3081.66,0
0.00753378,0,0,0.30096,9.15E-05,8.68E-07,0,3083.4,0
0.00755856,0,0,0.301949,9.18E-05,8.71E-07,0,3085.13,0
0.00758333,0,0,0.302939,9.21E-05,8.73E-07,0,3086.86,0
0.00760811,0,0,0.303929,9.25E-05,8.76E-07,0,3088.59,0
0.00763288,0,0,0.304918,9.28E-05,8.78E-07,0,3090.32,0
0.00765766,0,0,0.305908,9.31E-05,8.80E-07,0,3092.05,0
0.00768243,0,0,0.306898,9.34E-05,8.83E-07,0,3093.79,0
0.00770721,0,0,0.307888,9.37E-05,8.85E-07,0,3095.52,0
0.00773198,0,0,0.308877,9.41E-05,8.87E-07,0,3097.26,0
0.00775676,0,0,0.309867,9.44E-05,8.90E-07,0,3098.99,0
0.00778153,0,0,0.310857,9.47E-05,8.92E-07,0,3100.73,0
0.00780631,0,0,0.311846,9.50E-05,8.95E-07,0,3102.46,0
0.00783108,0,0,0.312836,9.53E-05,8.97E-07,0,3104.2,0
0.00785586,0,0,0.313826,9.56E-05,8.99E-07,0,3105.93,0
0.00788063,0,0,0.314815,9.60E-05,9.02E-07,0,3107.67,0
0.00790541,0,0,0.315805,9.63E-05,9.04E-07,0,3109.4,0
0.00793018,0,0,0.316795,9.66E-05,9.06E-07,0,3111.14,0
0.00795495,0,0,0.317785,9.69E-05,9.09E-07,0,3112.88,0
0.00797973,0,0,0.318774,9.72E-05,9.11E-07,0,3114.62,0
0.0080045,0,0,0.319764,9.76E-05,9.13E-07,0,3116.36,0
0.00802928,0,0,0.320754,9.79E-05,9.16E-07,0,3118.09,0
0.00805405,0,0,0.321743,9.82E-05,9.18E-07,0,3119.83,0
0.00807883,0,0,0.322733,9.85E-05,9.20E-07,0,3121.57,0
0.0081036,0,0,0.323723,9.88E-05,9.23E-07,0,3123.31,0
0.00812838,0,0,0.324712,9.91E-05,9.25E-07,0,3125.05,0
0.00815315,0,0,0.325702,9.95E-05,9.27E-07,0,3126.79,0
0.00817793,0,0,0.326692,9.98E-05,9.30E-07,0,3128.52,0
0.0082027,0,0,0.327682,0.000100091,9.32E-07,0,3130.26,0
0.00822748,0,0,0.328671,0.000100407,9.34E-07,0,3132,0
0.00825225,0,0,0.329661,0.000100723,9.37E-07,0,3133.74,0
0.00827703,0,0,0.330651,0.000101038,9.39E-07,0,3135.48,0
0.0083018,0,0,0.33164,0.000101354,9.41E-07,0,3137.23,0
0.00832658,0,0,0.33263,0.000101669,9.44E-07,0,3138.97,0
0.00835135,0,0,0.33362,0.000101984,9.46E-07,0,3140.71,0
0.00837613,0,0,0.334609,0.000102299,9.48E-07,0,3142.45,0
0.0084009,0,0,0.335599,0.000102614,9.51E-07,0,3144.19,0
0.00842568,0,0,0.336589,0.000102929,9.53E-07,0,3145.93,0
0.00845045,0,0,0.337579,0.000103244,9.55E-07,0,3147.68,0
0.00847523,0,0,0.338568,0.000103558,9.57E-07,0,3149.42,0
0.0085,0,0,0.339558,0.000103872,9.60E-07,0,3151.16,0
0.00852477,0,0,0.340548,0.000104186,9.62E-07,0,3152.9,0
0.00854955,0,0,0.341537,0.0001045,9.64E-07,0,3154.65,0
0.00857432,0,0,0.342527,0.000104813,9.67E-07,0,3156.39,0
0.0085991,0,0,0.343517,0.000105127,9.69E-07,0,3158.13,0
0.00862387,0,0,0.344507,0.00010544,9.71E-07,0,3159.88,0
0.00864865,0,0,0.345496,0.000105753,9.73E-07,0,3161.62,0
0.00867342,0,0,0.346486,0.000106066,9.76E-07,0,3163.36,0
0.0086982,0,0,0.347476,0.000106379,9.78E-07,0,3165.11,0
0.00872297,0,0,0.348465,0.000106692,9.80E-07,0,3166.85,0
0.00874775,0,0,0.349455,0.000107004,9.82E-07,0,3168.59,0
0.00877252,0,0,0.350445,0.000107316,9.85E-07,0,3170.34,0
0.0087973,0,0,0.351434,0.000107628,9.87E-07,0,3172.08,0
0.00882207,0,0,0.352424,0.00010794,9.89E-07,0,3173.83,0
0.00884685,0,0,0.353414,0.000108252,9.91E-07,0,3175.57,0
0.00887162,0,0,0.354404,0.000108564,9.94E-07,0,3177.31,0
0.0088964,0,0,0.355393,0.000108875,9.96E-07,0,3179.06,0
0.00892117,0,0,0.356383,0.000109186,9.98E-07,0,3180.8,0
0.00894595,0,0,0.357373,0.000109497,1.00E-06,0,3182.55,0
0.00897072,0,0,0.358362,0.000109808,1.00E-06,0,3184.3,0
0.0089955,0,0,0.359352,0.000110119,1.00E-06,0,3186.04,0
0.00902027,0,0,0.360342,0.00011043,1.01E-06,0,3187.79,0
0.00904505,0,0,0.361331,0.00011074,1.01E-06,0,3189.53,0
0.00906982,0,0,0.362321,0.00011105,1.01E-06,0,3191.27,0
0.00909459,0,0,0.363311,0.00011136,1.01E-06,0,3193.02,0
0.00911937,0,0,0.364301,0.00011167,1.02E-06,0,3194.76,0
0.00914414,0,0,0.36529,0.00011198,1.02E-06,0,3196.51,0
0.00916892,0,0,0.36628,0.000112289,1.02E-06,0,3198.25,0
0.00919369,0,0,0.36727,0.000112599,1.02E-06,0,3200,0
0.00921847,0,0,0.368259,0.000112908,1.02E-06,0,3201.74,0
0.00924324,0,0,0.369249,0.000113217,1.03E-06,0,3203.49,0
0.00926802,0,0,0.370239,0.000113526,1.03E-06,0,3205.23,0
0.00929279,0,0,0.371228,0.000113834,1.03E-06,0,3206.98,0
0.00931757,0,0,0.372218,0.000114143,1.03E-06,0,3208.73,0
0.00934234,0,0,0.373208,0.000114451,1.04E-06,0,3210.48,0
0.00936712,0,0,0.374198,0.00011476,1.04E-06,0,3212.22,0
0.00939189,0,0,0.375187,0.000115068,1.04E-06,0,3213.97,0
0.00941667,0,0,0.376177,0.000115375,1.04E-06,0,3215.71,0
0.00944144,0,0,0.377167,0.000115683,1.04E-06,0,3217.46,0
0.00946622,0,0,0.378156,0.000115991,1.05E-06,0,3219.2,0
0.00949099,0,0,0.379146,0.000116298,1.05E-06,0,3220.95,0
0.00951577,0,0,0.380136,0.000116605,1.05E-06,0,3222.69,0
0.00954054,0,0,0.381126,0.000116912,1.05E-06,0,3224.44,0
0.00956532,0,0,0.382115,0.000117219,1.06E-06,0,3226.18,0
0.00959009,0,0,0.383105,0.000117526,1.06E-06,0,3227.93,0
0.00961486,0,0,0.384095,0.000117832,1.06E-06,0,3229.67,0
0.00963964,0,0,0.385084,0.000118139,1.06E-06,0,3231.42,0
0.00966441,0,0,0.386074,0.000118445,1.06E-06,0,3233.17,0
0.00968919,0,0,0.387064,0.000118751,1.07E-06,0,3234.91,0
0.00971396,0,0,0.388053,0.000119057,1.07E-06,0,3236.66,0
0.00973874,0,0,0.389043,0.000119362,1.07E-06,0,3238.4,0
0.00976351,0,0,0.390033,0.000119668,1.07E-06,0,3240.15,0
0.00978829,0,0,0.391023,0.000119973,1.07E-06,0,3241.89,0
0.00981306,0,0,0.392012,0.000120279,1.08E-06,0,3243.64,0
0.00983784,0,0,0.393002,0.000120584,1.08E-06,0,3245.38,0
0.00986261,0,0,0.393992,0.000120888,1.08E-06,0,3247.12,0
0.00988739,0,0,0.394981,0.000121193,1.08E-06,0,3248.87,0
0.00991216,0,0,0.395971,0.000121498,1.09E-06,0,3250.61,0
0.00993694,0,0,0.396961,0.000121802,1.09E-06,0,3252.36,0
0.00996171,0,0,0.39795,0.000122106,1.09E-06,0,3254.1,0
0.00998649,0,0,0.39894,0.00012241,1.09E-06,0,3255.85,0
0.0100113,0,0,0.39993,0.000122714,1.09E-06,0,3257.59,0
0.010036,0,0,0.40092,0.000123018,1.10E-06,0,3259.33,0
0.0100608,0,0,0.401909,0.000123322,1.10E-06,0,3261.08,0
0.0100856,0,0,0.402899,0.000123625,1.10E-06,0,3262.83,0
0.0101104,0,0,0.403889,0.000123928,1.10E-06,0,3264.57,0
0.0101351,0,0,0.404878,0.000124231,1.10E-06,0,3266.31,0
0.0101599,0,0,0.405868,0.000124534,1.11E-06,0,3268.06,0
0.0101847,0,0,0.406858,0.000124837,1.11E-06,0,3269.8,0
0.0102095,0,0,0.407847,0.00012514,1.11E-06,0,3271.54,0
0.0102342,0,0,0.408837,0.000125442,1.11E-06,0,3273.29,0
0.010259,0,0,0.409827,0.000125744,1.12E-06,0,3275.03,0
0.0102838,0,0,0.410817,0.000126046,1.12E-06,0,3276.77,0
0.0103086,0,0,0.411806,0.000126348,1.12E-06,0,3278.52,0
0.0103333,0,0,0.412796,0.00012665,1.12E-06,0,3280.26,0
0.0103581,0,0,0.413786,0.000126952,1.12E-06,0,3282,0
0.0103829,0,0,0.414775,0.000127253,1.13E-06,0,3283.74,0
0.0104077,0,0,0.415765,0.000127555,1.13E-06,0,3285.48,0
0.0104324,0,0,0.416755,0.000127856,1.13E-06,0,3287.23,0
0.0104572,0,0,0.417745,0.000128157,1.13E-06,0,3288.97,0
0.010482,0,0,0.418734,0.000128458,1.13E-06,0,3290.72,0
0.0105068,0,0,0.419724,0.000128758,1.14E-06,0,3292.46,0
0.0105315,0,0,0.420714,0.000129059,1.14E-06,0,3294.2,0
0.0105563,0,0,0.421703,0.000129359,1.14E-06,0,3295.94,0
0.0105811,0,0,0.422693,0.000129659,1.14E-06,0,3297.68,0
0.0106059,0,0,0.423683,0.000129959,1.14E-06,0,3299.42,0
0.0106306,0,0,0.424672,0.000130259,1.15E-06,0,3301.16,0
0.0106554,0,0,0.425662,0.000130559,1.15E-06,0,3302.9,0
0.0106802,0,0,0.426652,0.000130859,1.15E-06,0,3304.64,0
0.010705,0,0,0.427642,0.000131158,1.15E-06,0,3306.38,0
0.0107297,0,0,0.428631,0.000131457,1.15E-06,0,3308.12,0
0.0107545,0,0,0.429621,0.000131756,1.16E-06,0,3309.86,0
0.0107793,0,0,0.430611,0.000132055,1.16E-06,0,3311.6,0
0.0108041,0,0,0.4316,0.000132354,1.16E-06,0,3313.34,0
0.0108288,0,0,0.43259,0.000132653,1.16E-06,0,3315.08,0
0.0108536,0,0,0.43358,0.000132951,1.16E-06,0,3316.83,0
0.0108784,0,0,0.434569,0.000133249,1.17E-06,0,3318.57,0
0.0109032,0,0,0.435559,0.000133548,1.17E-06,0,3320.3,0
0.0109279,0,0,0.436549,0.000133846,1.17E-06,0,3322.04,0
0.0109527,0,0,0.437539,0.000134143,1.17E-06,0,3323.78,0
0.0109775,0,0,0.438528,0.000134441,1.17E-06,0,3325.52,0
0.0110023,0,0,0.439518,0.000134739,1.18E-06,0,3327.26,0
0.011027,0,0,0.440508,0.000135036,1.18E-06,0,3328.99,0
0.0110518,0,0,0.441497,0.000135333,1.18E-06,0,3330.73,0
0.0110766,0,0,0.442487,0.00013563,1.18E-06,0,3332.47,0
0.0111014,0,0,0.443477,0.000135927,1.18E-06,0,3334.21,0
0.0111261,0,0,0.444466,0.000136224,1.19E-06,0,3335.94,0
0.0111509,0,0,0.445456,0.000136521,1.19E-06,0,3337.68,0
0.0111757,0,0,0.446446,0.000136817,1.19E-06,0,3339.41,0
0.0112005,0,0,0.447436,0.000137113,1.19E-06,0,3341.15,0
0.0112252,0,0,0.448425,0.000137409,1.19E-06,0,3342.89,0
0.01125,0,0,0.449415,0.000137705,1.20E-06,0,3344.62,0
0.0112748,0,0,0.450405,0.000138001,1.20E-06,0,3346.37,0
0.0112995,0,0,0.451394,0.000138297,1.20E-06,0,3348.1,0
0.0113243,0,0,0.452384,0.000138592,1.20E-06,0,3349.83,0
0.0113491,0,0,0.453374,0.000138888,1.20E-06,0,3351.57,0
0.0113739,0,0,0.454364,0.000139183,1.21E-06,0,3353.3,0
0.0113986,0,0,0.455353,0.000139478,1.21E-06,0,3355.04,0
0.0114234,0,0,0.456343,0.000139773,1.21E-06,0,3356.77,0
0.0114482,0,0,0.457333,0.000140068,1.21E-06,0,3358.5,0
0.011473,0,0,0.458322,0.000140362,1.21E-06,0,3360.24,0
0.0114977,0,0,0.459312,0.000140657,1.22E-06,0,3361.97,0
0.0115225,0,0,0.460302,0.000140951,1.22E-06,0,3363.7,0
0.0115473,0,0,0.461291,0.000141245,1.22E-06,0,3365.44,0
0.0115721,0,0,0.462281,0.000141539,1.22E-06,0,3367.17,0
0.0115968,0,0,0.463271,0.000141833,1.22E-06,0,3368.9,0
0.0116216,0,0,0.464261,0.000142127,1.23E-06,0,3370.63,0
0.0116464,0,0,0.46525,0.00014242,1.23E-06,0,3372.36,0
0.0116712,0,0,0.46624,0.000142714,1.23E-06,0,3374.09,0
0.0116959,0,0,0.46723,0.000143007,1.23E-06,0,3375.83,0
0.0117207,0,0,0.468219,0.0001433,1.23E-06,0,3377.56,0
0.0117455,0,0,0.469209,0.000143593,1.24E-06,0,3379.29,0
0.0117703,0,0,0.470199,0.000143886,1.24E-06,0,3381.02,0
0.011795,0,0,0.471188,0.000144179,1.24E-06,0,3382.75,0
0.0118198,0,0,0.472178,0.000144471,1.24E-06,0,3384.48,0
0.0118446,0,0,0.473168,0.000144763,1.24E-06,0,3386.21,0
0.0118694,0,0,0.474158,0.000145056,1.25E-06,0,3387.94,0
0.0118941,0,0,0.475147,0.000145348,1.25E-06,0,3389.67,0
0.0119189,0,0,0.476137,0.00014564,1.25E-06,0,3391.4,0
0.0119437,0,0,0.477127,0.000145931,1.25E-06,0,3393.13,0
0.0119685,0,0,0.478116,0.000146223,1.25E-06,0,3394.85,0
0.0119932,0,0,0.479106,0.000146514,1.26E-06,0,3396.58,0
0.012018,0,0,0.480096,0.000146806,1.26E-06,0,3398.31,0
0.0120428,0,0,0.481085,0.000147097,1.26E-06,0,3400.04,0
0.0120676,0,0,0.482075,0.000147388,1.26E-06,0,3401.76,0
0.0120923,0,0,0.483065,0.000147679,1.26E-06,0,3403.49,0
0.0121171,0,0,0.484055,0.000147969,1.27E-06,0,3405.21,0
0.0121419,0,0,0.485044,0.00014826,1.27E-06,0,3406.94,0
0.0121667,0,0,0.486034,0.00014855,1.27E-06,0,3408.67,0
0.0121914,0,0,0.487024,0.000148841,1.27E-06,0,3410.4,0
0.0122162,0,0,0.488013,0.000149131,1.27E-06,0,3412.12,0
0.012241,0,0,0.489003,0.000149421,1.28E-06,0,3413.85,0
0.0122658,0,0,0.489993,0.000149711,1.28E-06,0,3415.57,0
0.0122905,0,0,0.490983,0.00015,1.28E-06,0,3417.3,0
0.0123153,0,0,0.491972,0.00015029,1.28E-06,0,3419.02,0
0.0123401,0,0,0.492962,0.000150579,1.28E-06,0,3420.74,0
0.0123649,0,0,0.493952,0.000150869,1.28E-06,0,3422.47,0
0.0123896,0,0,0.494941,0.000151158,1.29E-06,0,3424.19,0
0.0124144,0,0,0.495931,0.000151447,1.29E-06,0,3425.91,0
0.0124392,0,0,0.496921,0.000151735,1.29E-06,0,3427.63,0
0.012464,0,0,0.49791,0.000152024,1.29E-06,0,3429.35,0
0.0124887,0,0,0.4989,0.000152313,1.29E-06,0,3431.07,0
0.0125135,0,0,0.49989,0.000152601,1.30E-06,0,3432.8,0
0.0125383,0,0,0.50088,0.000152889,1.30E-06,0,3434.52,0
0.0125631,0,0,0.501869,0.000153177,1.30E-06,0,3436.24,0
0.0125878,0,0,0.502859,0.000153465,1.30E-06,0,3437.96,0
0.0126126,0,0,0.503849,0.000153753,1.30E-06,0,3439.68,0
0.0126374,0,0,0.504838,0.000154041,1.31E-06,0,3441.39,0
0.0126622,0,0,0.505828,0.000154328,1.31E-06,0,3443.12,0
0.0126869,0,0,0.506818,0.000154616,1.31E-06,0,3444.84,0
0.0127117,0,0,0.507807,0.000154903,1.31E-06,0,3446.56,0
0.0127365,0,0,0.508797,0.00015519,1.31E-06,0,3448.28,0
0.0127613,0,0,0.509787,0.000155477,1.32E-06,0,3449.99,0
0.012786,0,0,0.510777,0.000155764,1.32E-06,0,3451.71,0
0.0128108,0,0,0.511766,0.00015605,1.32E-06,0,3453.43,0
0.0128356,0,0,0.512756,0.000156337,1.32E-06,0,3455.14,0
0.0128604,0,0,0.513746,0.000156623,1.32E-06,0,3456.86,0
0.0128851,0,0,0.514735,0.000156909,1.32E-06,0,3458.58,0
0.0129099,0,0,0.515725,0.000157196,1.33E-06,0,3460.29,0
0.0129347,0,0,0.516715,0.000157481,1.33E-06,0,3462.01,0
0.0129595,0,0,0.517704,0.000157767,1.33E-06,0,3463.72,0
0.0129842,0,0,0.518694,0.000158053,1.33E-06,0,3465.44,0
0.013009,0,0,0.519684,0.000158338,1.33E-06,0,3467.15,0
0.0130338,0,0,0.520674,0.000158624,1.34E-06,0,3468.86,0
0.0130586,0,0,0.521663,0.000158909,1.34E-06,0,3470.58,0
0.0130833,0,0,0.522653,0.000159194,1.34E-06,0,3472.29,0
0.0131081,0,0,0.523643,0.000159479,1.34E-06,0,3474,0
0.0131329,0,0,0.524632,0.000159764,1.34E-06,0,3475.71,0
0.0131577,0,0,0.525622,0.000160049,1.34E-06,0,3477.44,0
0.0131824,0,0,0.526612,0.000160333,1.35E-06,0,3479.15,0
0.0132072,0,0,0.527602,0.000160618,1.35E-06,0,3480.86,0
0.013232,0,0,0.528591,0.000160902,1.35E-06,0,3482.57,0
0.0132568,0,0,0.529581,0.000161186,1.35E-06,0,3484.28,0
0.0132815,0,0,0.530571,0.00016147,1.35E-06,0,3485.99,0
0.0133063,0,0,0.53156,0.000161754,1.36E-06,0,3487.7,0
0.0133311,0,0,0.53255,0.000162037,1.36E-06,0,3489.41,0
0.0133559,0,0,0.53354,0.000162321,1.36E-06,0,3491.12,0
0.0133806,0,0,0.534529,0.000162604,1.36E-06,0,3492.82,0
0.0134054,0,0,0.535519,0.000162888,1.36E-06,0,3494.53,0
0.0134302,0,0,0.536509,0.000163171,1.36E-06,0,3496.24,0
0.013455,0,0,0.537499,0.000163454,1.37E-06,0,3497.95,0
0.0134797,0,0,0.538488,0.000163737,1.37E-06,0,3499.65,0
0.0135045,0,0,0.539478,0.000164019,1.37E-06,0,3501.36,0
0.0135293,0,0,0.540468,0.000164302,1.37E-06,0,3503.07,0
0.0135541,0,0,0.541457,0.000164585,1.37E-06,0,3504.77,0
0.0135788,0,0,0.542447,0.000164867,1.38E-06,0,3506.48,0
0.0136036,0,0,0.543437,0.000165149,1.38E-06,0,3508.18,0
0.0136284,0,0,0.544426,0.000165431,1.38E-06,0,3509.89,0
0.0136532,0,0,0.545416,0.000165713,1.38E-06,0,3511.6,0
0.0136779,0,0,0.546406,0.000165995,1.38E-06,0,3513.31,0
0.0137027,0,0,0.547396,0.000166276,1.38E-06,0,3515.01,0
0.0137275,0,0,0.548385,0.000166558,1.39E-06,0,3516.71,0
0.0137523,0,0,0.549375,0.000166839,1.39E-06,0,3518.41,0
0.013777,0,0,0.550365,0.00016712,1.39E-06,0,3520.12,0
0.0138018,0,0,0.551354,0.000167402,1.39E-06,0,3521.82,0
0.0138266,0,0,0.552344,0.000167683,1.39E-06,0,3523.52,0
0.0138514,0,0,0.553334,0.000167963,1.40E-06,0,3525.22,0
0.0138761,0,0,0.554323,0.000168244,1.40E-06,0,3526.92,0
0.0139009,0,0,0.555313,0.000168525,1.40E-06,0,3528.62,0
0.0139257,0,0,0.556303,0.000168805,1.40E-06,0,3530.32,0
0.0139505,0,0,0.557293,0.000169085,1.40E-06,0,3532.02,0
0.0139752,0,0,0.558282,0.000169365,1.40E-06,0,3533.72,0
0.014,0,0,0.559272,0.000169645,1.41E-06,0,3535.42,0
0.0140248,0,0,0.560262,0.000169925,1.41E-06,0,3537.12,0
0.0140495,0.00100032,9.11E-05,0.52129,0.000170205,1.41E-06,2.64236,3538.81,1.0111
0.0140743,0.00101861,9.13E-05,0.52155,0.000170485,1.41E-06,2.61545,3540.51,1.00827
0.0140991,0.00103692,9.15E-05,0.521808,0.000170764,1.41E-06,2.58883,3542.21,1.00547
0.0141239,0.00105523,9.17E-05,0.522066,0.000171043,1.42E-06,2.56301,3543.91,1.00271
0.0141486,0.00107355,9.20E-05,0.522324,0.000171323,1.42E-06,2.53799,3545.6,0.999983
0.0141734,0.00109188,9.22E-05,0.522582,0.000171602,1.42E-06,2.5136,3547.3,0.997289
0.0141982,0.00111022,9.24E-05,0.522839,0.000171881,1.42E-06,2.48976,3549,0.994629
0.014223,0.00112856,9.26E-05,0.523096,0.000172159,1.42E-06,2.46649,3550.7,0.992
0.0142477,0.00114692,9.29E-05,0.523352,0.000172438,1.42E-06,2.44379,3552.39,0.989402
0.0142725,0.00116528,9.31E-05,0.523608,0.000172717,1.43E-06,2.42163,3554.09,0.986835
0.0142973,0.00118365,9.33E-05,0.523864,0.000172995,1.43E-06,2.39999,3555.78,0.984297
0.0143221,0.00120203,9.35E-05,0.524119,0.000173273,1.43E-06,2.37883,3557.47,0.981787
0.0143468,0.00122041,9.37E-05,0.524375,0.000173551,1.43E-06,2.35816,3559.17,0.979306
0.0143716,0.00123881,9.39E-05,0.52463,0.000173829,1.43E-06,2.33794,3560.86,0.976852
0.0143964,0.0012572,9.41E-05,0.524884,0.000174107,1.43E-06,2.31816,3562.55,0.974425
0.0144212,0.00127561,9.43E-05,0.525139,0.000174385,1.44E-06,2.29882,3564.24,0.972024
0.0144459,0.00129402,9.45E-05,0.525393,0.000174663,1.44E-06,2.27988,3565.94,0.969649
0.0144707,0.00131243,9.47E-05,0.525647,0.00017494,1.44E-06,2.26134,3567.63,0.967298
0.0144955,0.00133085,9.48E-05,0.525901,0.000175217,1.44E-06,2.24318,3569.32,0.964972
0.0145203,0.00134928,9.50E-05,0.526155,0.000175495,1.44E-06,2.22539,3571.01,0.96267
0.014545,0.00136771,9.52E-05,0.526408,0.000175772,1.44E-06,2.20796,3572.7,0.960391
0.0145698,0.00138614,9.54E-05,0.526661,0.000176049,1.45E-06,2.19087,3574.39,0.958135
0.0145946,0.00140458,9.56E-05,0.526915,0.000176326,1.45E-06,2.17412,3576.07,0.955902
0.0146194,0.00142303,9.58E-05,0.527167,0.000176602,1.45E-06,2.1577,3577.76,0.95369
0.0146441,0.00144148,9.59E-05,0.52742,0.000176879,1.45E-06,2.14158,3579.45,0.9515
0.0146689,0.00145993,9.61E-05,0.527673,0.000177155,1.45E-06,2.12577,3581.14,0.94933
0.0146937,0.00147839,9.63E-05,0.527925,0.000177432,1.46E-06,2.11026,3582.82,0.947182
0.0147185,0.00149685,9.65E-05,0.528177,0.000177708,1.46E-06,2.09503,3584.51,0.945053
0.0147432,0.00151531,9.66E-05,0.52843,0.000177984,1.46E-06,2.08007,3586.2,0.942944
0.014768,0.00153377,9.68E-05,0.528682,0.00017826,1.46E-06,2.06539,3587.9,0.940855
0.0147928,0.00155224,9.70E-05,0.528933,0.000178535,1.46E-06,2.05096,3589.58,0.938785
0.0148176,0.00157072,9.71E-05,0.529185,0.000178811,1.46E-06,2.03679,3591.27,0.936733
0.0148423,0.00158919,9.73E-05,0.529437,0.000179087,1.47E-06,2.02286,3592.95,0.9347
0.0148671,0.00160767,9.75E-05,0.529688,0.000179362,1.47E-06,2.00917,3594.64,0.932685
0.0148919,0.00162615,9.76E-05,0.52994,0.000179637,1.47E-06,1.99572,3596.32,0.930687
0.0149167,0.00164464,9.78E-05,0.530191,0.000179912,1.47E-06,1.98248,3598,0.928707
0.0149414,0.00166312,9.79E-05,0.530442,0.000180187,1.47E-06,1.96947,3599.68,0.926743
0.0149662,0.00168161,9.81E-05,0.530693,0.000180462,1.47E-06,1.95667,3601.37,0.924797
0.014991,0.0017001,9.83E-05,0.530944,0.000180737,1.48E-06,1.94408,3603.05,0.922866
0.0150158,0.00171859,9.84E-05,0.531195,0.000181012,1.48E-06,1.93168,3604.73,0.920952
0.0150405,0.00173709,9.86E-05,0.531446,0.000181286,1.48E-06,1.91949,3606.41,0.919054
0.0150653,0.00175559,9.87E-05,0.531697,0.000181561,1.48E-06,1.90748,3608.09,0.917171
0.0150901,0.00177409,9.89E-05,0.531948,0.000181835,1.48E-06,1.89567,3609.77,0.915304
0.0151149,0.00179259,9.90E-05,0.532198,0.000182109,1.48E-06,1.88403,3611.45,0.913452
0.0151396,0.00181109,9.92E-05,0.532449,0.000182383,1.49E-06,1.87257,3613.13,0.911614
0.0151644,0.00182959,9.93E-05,0.5327,0.000182657,1.49E-06,1.86128,3614.81,0.909791
0.0151892,0.0018481,9.95E-05,0.53295,0.00018293,1.49E-06,1.85016,3616.49,0.907982
0.015214,0.0018666,9.96E-05,0.5332,0.000183204,1.49E-06,1.83921,3618.17,0.906188
0.0152387,0.00188511,9.98E-05,0.533451,0.000183477,1.49E-06,1.82841,3619.85,0.904407
0.0152635,0.00190362,9.99E-05,0.533701,0.000183751,1.49E-06,1.81777,3621.52,0.90264
0.0152883,0.00192213,0.000100087,0.533951,0.000184024,1.50E-06,1.80729,3623.2,0.900886
0.0153131,0.00194064,0.000100233,0.534201,0.000184297,1.50E-06,1.79695,3624.88,0.899146
0.0153378,0.00195915,0.000100378,0.534452,0.00018457,1.50E-06,1.78676,3626.57,0.897419
0.0153626,0.00197767,0.000100523,0.534702,0.000184843,1.50E-06,1.77671,3628.24,0.895704
0.0153874,0.00199618,0.000100667,0.534952,0.000185116,1.50E-06,1.76679,3629.92,0.894002
0.0154122,0.0020147,0.00010081,0.535202,0.000185388,1.50E-06,1.75702,3631.59,0.892313
0.0154369,0.00203321,0.000100953,0.535452,0.000185661,1.51E-06,1.74737,3633.26,0.890636
0.0154617,0.00205173,0.000101095,0.535702,0.000185933,1.51E-06,1.73786,3634.94,0.88897
0.0154865,0.00207025,0.000101236,0.535952,0.000186205,1.51E-06,1.72847,3636.61,0.887317
0.0155113,0.00208877,0.000101377,0.536202,0.000186477,1.51E-06,1.7192,3638.28,0.885676
0.015536,0.00210729,0.000101517,0.536452,0.000186749,1.51E-06,1.71006,3639.96,0.884046
0.0155608,0.00212581,0.000101656,0.536701,0.000187021,1.51E-06,1.70103,3641.63,0.882427
0.0155856,0.00214433,0.000101795,0.536951,0.000187293,1.52E-06,1.69213,3643.3,0.88082
0.0156104,0.00216285,0.000101933,0.537201,0.000187564,1.52E-06,1.68333,3644.97,0.879223
0.0156351,0.00218137,0.000102071,0.537451,0.000187836,1.52E-06,1.67464,3646.64,0.877638
0.0156599,0.0021999,0.000102208,0.537701,0.000188107,1.52E-06,1.66607,3648.31,0.876063
0.0156847,0.00221842,0.000102345,0.53795,0.000188378,1.52E-06,1.6576,3649.98,0.8745
0.0157095,0.00223694,0.000102481,0.5382,0.00018865,1.52E-06,1.64923,3651.65,0.872946
0.0157342,0.00225546,0.000102617,0.53845,0.000188921,1.53E-06,1.64097,3653.32,0.871403
0.015759,0.00227399,0.000102752,0.5387,0.000189191,1.53E-06,1.63281,3654.99,0.86987
0.0157838,0.00229251,0.000102886,0.538949,0.000189462,1.53E-06,1.62474,3656.66,0.868347
0.0158086,0.00231104,0.000103021,0.539199,0.000189733,1.53E-06,1.61677,3658.32,0.866834
0.0158333,0.00232956,0.000103154,0.539449,0.000190003,1.53E-06,1.6089,3659.99,0.865331
0.0158581,0.00234809,0.000103288,0.539698,0.000190274,1.53E-06,1.60112,3661.66,0.863837
0.0158829,0.00236661,0.000103421,0.539948,0.000190544,1.54E-06,1.59343,3663.32,0.862353
0.0159077,0.00238514,0.000103553,0.540198,0.000190814,1.54E-06,1.58582,3664.99,0.860879
0.0159324,0.00240366,0.000103685,0.540447,0.000191084,1.54E-06,1.57831,3666.67,0.859414
0.0159572,0.00242219,0.000103817,0.540697,0.000191354,1.54E-06,1.57088,3668.33,0.857958
0.015982,0.00244072,0.000103948,0.540946,0.000191623,1.54E-06,1.56353,3670,0.856511
0.0160068,0.00245924,0.000104079,0.541196,0.000191893,1.54E-06,1.55627,3671.66,0.855073
0.0160315,0.00247777,0.000104209,0.541446,0.000192163,1.55E-06,1.54908,3673.33,0.853644
0.0160563,0.00249629,0.000104339,0.541695,0.000192432,1.55E-06,1.54198,3674.99,0.852223
0.0160811,0.00251482,0.000104469,0.541945,0.000192701,1.55E-06,1.53495,3676.65,0.850812
0.0161059,0.00253335,0.000104598,0.542195,0.00019297,1.55E-06,1.528,3678.31,0.849409
0.0161306,0.00255187,0.000104727,0.542444,0.000193239,1.55E-06,1.52113,3679.98,0.848014
0.0161554,0.0025704,0.000104856,0.542694,0.000193508,1.55E-06,1.51433,3681.64,0.846627
0.0161802,0.00258893,0.000104984,0.542943,0.000193777,1.56E-06,1.5076,3683.3,0.845249
0.016205,0.00260745,0.000105112,0.543193,0.000194046,1.56E-06,1.50094,3684.96,0.843879
0.0162297,0.00262598,0.00010524,0.543443,0.000194314,1.56E-06,1.49436,3686.62,0.842517
0.0162545,0.00264451,0.000105367,0.543692,0.000194582,1.56E-06,1.48784,3688.28,0.841163
0.0162793,0.00266303,0.000105494,0.543942,0.000194851,1.56E-06,1.48139,3689.94,0.839817
0.0163041,0.00268156,0.000105621,0.544191,0.000195119,1.56E-06,1.475,3691.6,0.838478
0.0163288,0.00270009,0.000105747,0.544441,0.000195387,1.57E-06,1.46868,3693.25,0.837147
0.0163536,0.00271861,0.000105873,0.544691,0.000195655,1.57E-06,1.46243,3694.91,0.835824
0.0163784,0.00273714,0.000105999,0.54494,0.000195923,1.57E-06,1.45624,3696.57,0.834509
0.0164032,0.00275567,0.000106125,0.54519,0.00019619,1.57E-06,1.45011,3698.23,0.8332
0.0164279,0.00277419,0.00010625,0.545439,0.000196458,1.57E-06,1.44404,3699.88,0.831899
0.0164527,0.00279272,0.000106375,0.545689,0.000196725,1.57E-06,1.43803,3701.54,0.830606
0.0164775,0.00281124,0.0001065,0.545939,0.000196993,1.58E-06,1.43208,3703.19,0.829319
0.0165023,0.00282977,0.000106624,0.546188,0.00019726,1.58E-06,1.42619,3704.85,0.82804
0.016527,0.0028483,0.000106748,0.546438,0.000197527,1.58E-06,1.42035,3706.5,0.826768
0.0165518,0.00286682,0.000106872,0.546688,0.000197794,1.58E-06,1.41457,3708.17,0.825502
0.0165766,0.00288535,0.000106996,0.546937,0.000198061,1.58E-06,1.40885,3709.83,0.824244
0.0166014,0.00290387,0.000107119,0.547187,0.000198327,1.58E-06,1.40318,3711.48,0.822992
0.0166261,0.0029224,0.000107242,0.547437,0.000198594,1.59E-06,1.39756,3713.13,0.821747
0.0166509,0.00294092,0.000107365,0.547686,0.000198861,1.59E-06,1.392,3714.78,0.820509
0.0166757,0.00295945,0.000107488,0.547936,0.000199127,1.59E-06,1.38649,3716.43,0.819277
0.0167005,0.00297797,0.00010761,0.548185,0.000199393,1.59E-06,1.38103,3718.09,0.818052
0.0167252,0.0029965,0.000107732,0.548435,0.000199659,1.59E-06,1.37562,3719.74,0.816833
0.01675,0.00301502,0.000107854,0.548685,0.000199925,1.59E-06,1.37026,3721.39,0.815621
0.0167748,0.00303355,0.000107976,0.548934,0.000200191,1.59E-06,1.36495,3723.04,0.814415
0.0167995,0.00305207,0.000108098,0.549184,0.000200457,1.60E-06,1.35969,3724.69,0.813215
0.0168243,0.0030706,0.000108219,0.549434,0.000200723,1.60E-06,1.35447,3726.34,0.812021
0.0168491,0.00308912,0.00010834,0.549684,0.000200988,1.60E-06,1.3493,3727.98,0.810834
0.0168739,0.00310765,0.000108461,0.549933,0.000201254,1.60E-06,1.34418,3729.63,0.809653
0.0168986,0.00312617,0.000108582,0.550183,0.000201519,1.60E-06,1.3391,3731.28,0.808477
0.0169234,0.00314469,0.000108702,0.550433,0.000201784,1.60E-06,1.33407,3732.93,0.807308
0.0169482,0.00316322,0.000108822,0.550682,0.000202049,1.61E-06,1.32908,3734.57,0.806145
0.016973,0.00318174,0.000108943,0.550932,0.000202314,1.61E-06,1.32414,3736.22,0.804987
0.0169977,0.00320026,0.000109062,0.551182,0.000202579,1.61E-06,1.31923,3737.87,0.803836
0.0170225,0.00321878,0.000109182,0.551432,0.000202844,1.61E-06,1.31437,3739.51,0.80269
0.0170473,0.0032373,0.000109302,0.551682,0.000203108,1.61E-06,1.30956,3741.16,0.80155
0.0170721,0.00325582,0.000109421,0.551932,0.000203373,1.61E-06,1.30478,3742.8,0.800415
0.0170968,0.00327434,0.00010954,0.552182,0.000203637,1.62E-06,1.30004,3744.45,0.799287
0.0171216,0.00329286,0.000109659,0.552432,0.000203901,1.62E-06,1.29534,3746.09,0.798163
0.0171464,0.00331137,0.000109778,0.552682,0.000204165,1.62E-06,1.29069,3747.73,0.797046
0.0171712,0.00332989,0.000109896,0.552932,0.000204429,1.62E-06,1.28607,3749.37,0.795933
0.0171959,0.0033484,0.000110015,0.553182,0.000204693,1.62E-06,1.28149,3751.03,0.794827
0.0172207,0.00336692,0.000110133,0.553432,0.000204957,1.62E-06,1.27695,3752.68,0.793725
0.0172455,0.00338543,0.000110251,0.553682,0.000205221,1.62E-06,1.27244,3754.32,0.792629
0.0172703,0.00340395,0.000110369,0.553932,0.000205484,1.63E-06,1.26797,3755.96,0.791538
0.017295,0.00342246,0.000110487,0.554182,0.000205748,1.63E-06,1.26354,3757.6,0.790453
0.0173198,0.00344097,0.000110604,0.554432,0.000206011,1.63E-06,1.25914,3759.24,0.789372
0.0173446,0.00345949,0.000110722,0.554682,0.000206274,1.63E-06,1.25478,3760.88,0.788297
0.0173694,0.003478,0.000110839,0.554933,0.000206537,1.63E-06,1.25046,3762.52,0.787226
0.0173941,0.00349651,0.000110956,0.555183,0.0002068,1.63E-06,1.24616,3764.15,0.786161
0.0174189,0.00351502,0.000111073,0.555433,0.000207063,1.64E-06,1.24191,3765.79,0.785101
0.0174437,0.00353353,0.00011119,0.555683,0.000207326,1.64E-06,1.23768,3767.43,0.784045
0.0174685,0.00355204,0.000111307,0.555933,0.000207589,1.64E-06,1.23349,3769.07,0.782995
0.0174932,0.00357055,0.000111423,0.556184,0.000207851,1.64E-06,1.22933,3770.7,0.781949
0.017518,0.00358906,0.00011154,0.556434,0.000208114,1.64E-06,1.2252,3772.34,0.780908
0.0175428,0.00360757,0.000111656,0.556684,0.000208376,1.64E-06,1.22111,3773.98,0.779872
0.0175676,0.00362608,0.000111772,0.556935,0.000208638,1.64E-06,1.21705,3775.61,0.778841
0.0175923,0.00364458,0.000111888,0.557185,0.0002089,1.65E-06,1.21301,3777.25,0.777814
0.0176171,0.00366309,0.000112004,0.557435,0.000209162,1.65E-06,1.20901,3778.88,0.776792
0.0176419,0.0036816,0.000112119,0.557686,0.000209424,1.65E-06,1.20504,3780.51,0.775775
0.0176667,0.0037001,0.000112235,0.557936,0.000209686,1.65E-06,1.2011,3782.15,0.774762
0.0176914,0.00371861,0.00011235,0.558187,0.000209947,1.65E-06,1.19719,3783.78,0.773753
0.0177162,0.00373712,0.000112465,0.558437,0.000210209,1.65E-06,1.1933,3785.41,0.772749
0.017741,0.00375562,0.00011258,0.558687,0.00021047,1.66E-06,1.18945,3787.05,0.77175
0.0177658,0.00377413,0.000112695,0.558938,0.000210732,1.66E-06,1.18562,3788.68,0.770755
0.0177905,0.00379263,0.00011281,0.559188,0.000210993,1.66E-06,1.18182,3790.31,0.769764
0.0178153,0.00381114,0.000112925,0.559439,0.000211254,1.66E-06,1.17805,3791.94,0.768777
0.0178401,0.00382964,0.000113039,0.559689,0.000211515,1.66E-06,1.17431,3793.57,0.767795
0.0178649,0.00384815,0.000113154,0.55994,0.000211776,1.66E-06,1.17059,3795.2,0.766817
0.0178896,0.00386665,0.000113268,0.56019,0.000212036,1.66E-06,1.16691,3796.85,0.765844
0.0179144,0.00388515,0.000113382,0.560441,0.000212297,1.67E-06,1.16324,3798.47,0.764874
0.0179392,0.00390366,0.000113496,0.560691,0.000212557,1.67E-06,1.15961,3800.1,0.763909
0.017964,0.00392216,0.00011361,0.560942,0.000212818,1.67E-06,1.156,3801.73,0.762948
0.0179887,0.00394066,0.000113724,0.561192,0.000213078,1.67E-06,1.15241,3803.36,0.761991
0.0180135,0.00395917,0.000113838,0.561443,0.000213338,1.67E-06,1.14885,3804.98,0.761038
0.0180383,0.00397767,0.000113951,0.561694,0.000213598,1.67E-06,1.14532,3806.61,0.760089
0.0180631,0.00399617,0.000114065,0.561944,0.000213858,1.68E-06,1.1418,3808.24,0.759144
0.0180878,0.00401467,0.000114178,0.562195,0.000214118,1.68E-06,1.13832,3809.86,0.758203
0.0181126,0.00403318,0.000114291,0.562445,0.000214378,1.68E-06,1.13486,3811.49,0.757266
0.0181374,0.00405168,0.000114404,0.562696,0.000214637,1.68E-06,1.13142,3813.11,0.756332
0.0181622,0.00407018,0.000114517,0.562947,0.000214897,1.68E-06,1.128,3814.74,0.755403
0.0181869,0.00408868,0.00011463,0.563197,0.000215156,1.68E-06,1.12461,3816.36,0.754477
0.0182117,0.00410718,0.000114743,0.563448,0.000215416,1.68E-06,1.12124,3817.98,0.753556
0.0182365,0.00412568,0.000114856,0.563698,0.000215675,1.69E-06,1.1179,3819.61,0.752638
0.0182613,0.00414419,0.000114968,0.563949,0.000215934,1.69E-06,1.11458,3821.23,0.751723
0.018286,0.00416269,0.000115081,0.5642,0.000216193,1.69E-06,1.11127,3822.85,0.750813
0.0183108,0.00418119,0.000115193,0.56445,0.000216452,1.69E-06,1.108,3824.47,0.749906
0.0183356,0.00419969,0.000115305,0.564701,0.00021671,1.69E-06,1.10474,3826.09,0.749003
0.0183604,0.00421819,0.000115417,0.564951,0.000216969,1.69E-06,1.1015,3827.71,0.748103
0.0183851,0.00423669,0.000115529,0.565202,0.000217227,1.70E-06,1.09829,3829.34,0.747207
0.0184099,0.00425519,0.000115641,0.565453,0.000217486,1.70E-06,1.0951,3830.95,0.746315
0.0184347,0.00427369,0.000115753,0.565703,0.000217744,1.70E-06,1.09192,3832.57,0.745426
0.0184595,0.00429219,0.000115864,0.565954,0.000218002,1.70E-06,1.08877,3834.19,0.744541
0.0184842,0.00431069,0.000115976,0.566205,0.00021826,1.70E-06,1.08564,3835.81,0.743659
0.018509,0.00432919,0.000116087,0.566455,0.000218518,1.70E-06,1.08253,3837.43,0.742781
0.0185338,0.00434769,0.000116199,0.566706,0.000218776,1.70E-06,1.07944,3839.05,0.741906
0.0185586,0.00436619,0.00011631,0.566957,0.000219034,1.71E-06,1.07637,3840.66,0.741035
0.0185833,0.00438469,0.000116421,0.567207,0.000219292,1.71E-06,1.07332,3842.3,0.740167
0.0186081,0.00440319,0.000116532,0.567458,0.000219549,1.71E-06,1.07028,3843.91,0.739302
0.0186329,0.00442169,0.000116643,0.567709,0.000219806,1.71E-06,1.06727,3845.53,0.738441
0.0186577,0.00444019,0.000116754,0.567959,0.000220064,1.71E-06,1.06428,3847.14,0.737583
0.0186824,0.00445869,0.000116865,0.56821,0.000220321,1.71E-06,1.0613,3848.76,0.736728
0.0187072,0.0044772,0.000116975,0.568461,0.000220578,1.71E-06,1.05834,3850.37,0.735877
0.018732,0.0044957,0.000117086,0.568711,0.000220835,1.72E-06,1.05541,3851.99,0.735029
0.0187568,0.0045142,0.000117196,0.568962,0.000221092,1.72E-06,1.05249,3853.6,0.734184
0.0187815,0.0045327,0.000117307,0.569212,0.000221349,1.72E-06,1.04958,3855.21,0.733342
0.0188063,0.0045512,0.000117417,0.569463,0.000221605,1.72E-06,1.0467,3856.82,0.732504
0.0188311,0.0045697,0.000117527,0.569714,0.000221862,1.72E-06,1.04383,3858.44,0.731668
0.0188559,0.0045882,0.000117637,0.569964,0.000222118,1.72E-06,1.04098,3860.05,0.730836
0.0188806,0.0046067,0.000117747,0.570215,0.000222375,1.72E-06,1.03815,3861.66,0.730007
0.0189054,0.0046252,0.000117857,0.570466,0.000222631,1.73E-06,1.03534,3863.27,0.729181
0.0189302,0.0046437,0.000117967,0.570716,0.000222887,1.73E-06,1.03254,3864.88,0.728358
0.018955,0.0046622,0.000118077,0.570967,0.000223143,1.73E-06,1.02976,3866.49,0.727538
0.0189797,0.00468071,0.000118186,0.571217,0.000223399,1.73E-06,1.02699,3868.1,0.726721
0.0190045,0.00469921,0.000118296,0.571468,0.000223655,1.73E-06,1.02424,3869.7,0.725908
0.0190293,0.00471771,0.000118405,0.571719,0.000223911,1.73E-06,1.02151,3871.31,0.725097
0.0190541,0.00473621,0.000118515,0.571969,0.000224166,1.74E-06,1.0188,3872.92,0.724289
0.0190788,0.00475471,0.000118624,0.57222,0.000224422,1.74E-06,1.0161,3874.53,0.723484
0.0191036,0.00477322,0.000118733,0.57247,0.000224677,1.74E-06,1.01341,3876.13,0.722682
0.0191284,0.00479172,0.000118842,0.572721,0.000224932,1.74E-06,1.01075,3877.74,0.721883
0.0191532,0.00481022,0.000118951,0.572971,0.000225187,1.74E-06,1.00809,3879.34,0.721087
0.0191779,0.00482872,0.00011906,0.573222,0.000225443,1.74E-06,1.00546,3880.95,0.720294
0.0192027,0.00484723,0.000119169,0.573473,0.000225698,1.74E-06,1.00284,3882.55,0.719503
0.0192275,0.00486573,0.000119278,0.573723,0.000225952,1.75E-06,1.00023,3884.16,0.718715
0.0192523,0.00488423,0.000119386,0.573974,0.000226207,1.75E-06,0.997638,3885.76,0.717931
0.019277,0.00490274,0.000119495,0.574224,0.000226462,1.75E-06,0.995061,3887.36,0.717149
0.0193018,0.00492124,0.000119603,0.574475,0.000226716,1.75E-06,0.9925,3888.99,0.71637
0.0193266,0.00493974,0.000119712,0.574725,0.000226971,1.75E-06,0.989952,3890.59,0.715593
0.0193514,0.00495825,0.00011982,0.574976,0.000227225,1.75E-06,0.987419,3892.19,0.714819
0.0193761,0.00497675,0.000119928,0.575226,0.000227479,1.75E-06,0.9849,3893.79,0.714048
0.0194009,0.00499526,0.000120036,0.575477,0.000227733,1.76E-06,0.982396,3895.39,0.71328
0.0194257,0.00501376,0.000120144,0.575727,0.000227987,1.76E-06,0.979905,3896.99,0.712515
0.0194505,0.00503227,0.000120252,0.575978,0.000228241,1.76E-06,0.977428,3898.59,0.711752
0.0194752,0.00505077,0.00012036,0.576228,0.000228495,1.76E-06,0.974966,3900.19,0.710992
0.0195,0.00506928,0.000120468,0.576479,0.000228749,1.76E-06,0.972517,3901.79,0.710234
0.0195248,0.00508778,0.000120576,0.576729,0.000229002,1.76E-06,0.970081,3903.39,0.709479
0.0195495,0.00510629,0.000120683,0.576979,0.000229256,1.76E-06,0.967659,3904.99,0.708727
0.0195743,0.0051248,0.000120791,0.57723,0.000229509,1.77E-06,0.96525,3906.59,0.707977
0.0195991,0.0051433,0.000120898,0.57748,0.000229763,1.77E-06,0.962854,3908.19,0.70723
0.0196239,0.00516181,0.000121006,0.57773,0.000230016,1.77E-06,0.960472,3909.78,0.706485
0.0196486,0.00518032,0.000121113,0.577981,0.000230269,1.77E-06,0.958102,3911.38,0.705743
0.0196734,0.00519883,0.00012122,0.578231,0.000230522,1.77E-06,0.955745,3912.98,0.705003
0.0196982,0.00521733,0.000121328,0.578482,0.000230775,1.77E-06,0.953401,3914.57,0.704266
0.019723,0.00523584,0.000121435,0.578732,0.000231028,1.77E-06,0.951069,3916.17,0.703532
0.0197477,0.00525435,0.000121542,0.578982,0.00023128,1.78E-06,0.94875,3917.76,0.7028
0.0197725,0.00527286,0.000121649,0.579232,0.000231533,1.78E-06,0.946444,3919.36,0.70207
0.0197973,0.00529137,0.000121755,0.579483,0.000231785,1.78E-06,0.944149,3920.95,0.701343
0.0198221,0.00530988,0.000121862,0.579733,0.000232038,1.78E-06,0.941867,3922.55,0.700618
0.0198468,0.00532839,0.000121969,0.579983,0.00023229,1.78E-06,0.939597,3924.14,0.699896
0.0198716,0.0053469,0.000122076,0.580234,0.000232542,1.78E-06,0.937339,3925.73,0.699176
0.0198964,0.00536541,0.000122182,0.580484,0.000232794,1.78E-06,0.935092,3927.33,0.698458
0.0199212,0.00538392,0.000122289,0.580734,0.000233046,1.79E-06,0.932858,3928.92,0.697743
0.0199459,0.00540244,0.000122395,0.580984,0.000233298,1.79E-06,0.930635,3930.51,0.69703
0.0199707,0.00542095,0.000122501,0.581234,0.00023355,1.79E-06,0.928423,3932.1,0.69632
0.0199955,0.00543946,0.000122607,0.581484,0.000233801,1.79E-06,0.926224,3933.7,0.695612
0.0200203,0.00545797,0.000122714,0.581735,0.000234053,1.79E-06,0.924035,3935.29,0.694906
0.020045,0.00547649,0.00012282,0.581985,0.000234304,1.79E-06,0.921858,3936.88,0.694203
0.0200698,0.005495,0.000122926,0.582235,0.000234556,1.79E-06,0.919693,3938.49,0.693501
0.0200946,0.00551351,0.000123032,0.582485,0.000234807,1.80E-06,0.917538,3940.08,0.692803
0.0201194,0.00553203,0.000123137,0.582735,0.000235058,1.80E-06,0.915394,3941.67,0.692106
0.0201441,0.00555054,0.000123243,0.582985,0.000235309,1.80E-06,0.913261,3943.25,0.691412
0.0201689,0.00556906,0.000123349,0.583235,0.00023556,1.80E-06,0.911139,3944.84,0.690719
0.0201937,0.00558757,0.000123455,0.583485,0.000235811,1.80E-06,0.909027,3946.43,0.690029
0.0202185,0.00560609,0.00012356,0.583735,0.000236062,1.80E-06,0.906927,3948.01,0.689342
0.0202432,0.00562461,0.000123666,0.583985,0.000236312,1.80E-06,0.904836,3949.6,0.688656
0.020268,0.00564313,0.000123771,0.584235,0.000236563,1.81E-06,0.902757,3951.18,0.687973
0.0202928,0.00566164,0.000123876,0.584485,0.000236813,1.81E-06,0.900687,3952.77,0.687292
0.0203176,0.00568016,0.000123982,0.584735,0.000237063,1.81E-06,0.898628,3954.35,0.686613
0.0203423,0.00569868,0.000124087,0.584985,0.000237314,1.81E-06,0.89658,3955.93,0.685936
0.0203671,0.0057172,0.000124192,0.585235,0.000237564,1.81E-06,0.894541,3957.52,0.685261
0.0203919,0.00573572,0.000124297,0.585485,0.000237814,1.81E-06,0.892512,3959.1,0.684589
0.0204167,0.00575424,0.000124402,0.585735,0.000238064,1.81E-06,0.890494,3960.68,0.683918
0.0204414,0.00577276,0.000124507,0.585984,0.000238314,1.82E-06,0.888485,3962.26,0.68325
0.0204662,0.00579128,0.000124612,0.586234,0.000238563,1.82E-06,0.886486,3963.84,0.682583
0.020491,0.0058098,0.000124717,0.586484,0.000238813,1.82E-06,0.884497,3965.42,0.681919
0.0205158,0.00582833,0.000124821,0.586734,0.000239063,1.82E-06,0.882518,3966.99,0.681257
0.0205405,0.00584685,0.000124926,0.586984,0.000239312,1.82E-06,0.880548,3968.57,0.680597
0.0205653,0.00586537,0.00012503,0.587233,0.000239561,1.82E-06,0.878587,3970.15,0.679939
0.0205901,0.0058839,0.000125135,0.587483,0.000239811,1.82E-06,0.876636,3971.72,0.679283
0.0206149,0.00590242,0.000125239,0.587733,0.00024006,1.83E-06,0.874695,3973.3,0.678629
0.0206396,0.00592095,0.000125344,0.587982,0.000240309,1.83E-06,0.872763,3974.87,0.677977
0.0206644,0.00593948,0.000125448,0.588232,0.000240558,1.83E-06,0.87084,3976.45,0.677327
0.0206892,0.005958,0.000125552,0.588481,0.000240807,1.83E-06,0.868926,3978.02,0.676679
0.020714,0.00597653,0.000125656,0.588731,0.000241055,1.83E-06,0.867021,3979.59,0.676033
0.0207387,0.00599506,0.00012576,0.588981,0.000241304,1.83E-06,0.865126,3981.16,0.675388
0.0207635,0.00601359,0.000125864,0.58923,0.000241552,1.83E-06,0.863239,3982.73,0.674746
0.0207883,0.00603211,0.000125968,0.58948,0.000241801,1.83E-06,0.861361,3984.3,0.674106
0.0208131,0.00605064,0.000126072,0.589729,0.000242049,1.84E-06,0.859492,3985.87,0.673468
0.0208378,0.00606917,0.000126176,0.589979,0.000242298,1.84E-06,0.857631,3987.44,0.672831
0.0208626,0.0060877,0.00012628,0.590228,0.000242546,1.84E-06,0.85578,3989.03,0.672197
0.0208874,0.00610624,0.000126383,0.590477,0.000242794,1.84E-06,0.853937,3990.6,0.671564
0.0209122,0.00612477,0.000126487,0.590727,0.000243042,1.84E-06,0.852102,3992.17,0.670934
0.0209369,0.0061433,0.000126591,0.590976,0.00024329,1.84E-06,0.850276,3993.74,0.670305
0.0209617,0.00616183,0.000126694,0.591226,0.000243537,1.84E-06,0.848459,3995.31,0.669678
0.0209865,0.00618037,0.000126797,0.591475,0.000243785,1.85E-06,0.84665,3996.88,0.669053
0.0210113,0.0061989,0.000126901,0.591724,0.000244033,1.85E-06,0.844849,3998.45,0.66843
0.021036,0.00621744,0.000127004,0.591973,0.00024428,1.85E-06,0.843056,4000.02,0.667808
0.0210608,0.00623597,0.000127107,0.592223,0.000244527,1.85E-06,0.841272,4001.59,0.667189
0.0210856,0.00625451,0.00012721,0.592472,0.000244775,1.85E-06,0.839495,4003.16,0.666571
0.0211104,0.00627305,0.000127313,0.592721,0.000245022,1.85E-06,0.837727,4004.74,0.665955
0.0211351,0.00629158,0.000127416,0.59297,0.000245269,1.85E-06,0.835967,4006.31,0.665341
0.0211599,0.00631012,0.000127519,0.593219,0.000245516,1.86E-06,0.834215,4007.88,0.664729
0.0211847,0.00632866,0.000127622,0.593468,0.000245763,1.86E-06,0.83247,4009.46,0.664119
0.0212095,0.0063472,0.000127725,0.593718,0.00024601,1.86E-06,0.830734,4011.03,0.66351
0.0212342,0.00636574,0.000127828,0.593967,0.000246256,1.86E-06,0.829005,4012.61,0.662903
0.021259,0.00638428,0.000127931,0.594216,0.000246503,1.86E-06,0.827284,4014.18,0.662298
0.0212838,0.00640282,0.000128033,0.594465,0.000246749,1.86E-06,0.825571,4015.76,0.661694
0.0213086,0.00642136,0.000128136,0.594714,0.000246996,1.86E-06,0.823865,4017.33,0.661093
0.0213333,0.0064399,0.000128238,0.594963,0.000247242,1.86E-06,0.822167,4018.91,0.660493
0.0213581,0.00645845,0.000128341,0.595212,0.000247488,1.87E-06,0.820476,4020.48,0.659895
0.0213829,0.00647699,0.000128443,0.595461,0.000247734,1.87E-06,0.818793,4022.06,0.659298
0.0214077,0.00649554,0.000128545,0.595709,0.00024798,1.87E-06,0.817117,4023.64,0.658703
0.0214324,0.00651408,0.000128647,0.595958,0.000248226,1.87E-06,0.815449,4025.22,0.65811
0.0214572,0.00653263,0.00012875,0.596207,0.000248472,1.87E-06,0.813788,4026.79,0.657519
0.021482,0.00655117,0.000128852,0.596456,0.000248718,1.87E-06,0.812134,4028.37,0.656929
0.0215068,0.00656972,0.000128954,0.596705,0.000248964,1.87E-06,0.810487,4029.95,0.656341
0.0215315,0.00658826,0.000129056,0.596954,0.000249209,1.88E-06,0.808848,4031.53,0.655755
0.0215563,0.00660681,0.000129158,0.597202,0.000249455,1.88E-06,0.807215,4033.11,0.65517
0.0215811,0.00662536,0.000129259,0.597451,0.0002497,1.88E-06,0.80559,4034.69,0.654587
0.0216059,0.00664391,0.000129361,0.5977,0.000249945,1.88E-06,0.803972,4036.27,0.654005
0.0216306,0.00666246,0.000129463,0.597949,0.00025019,1.88E-06,0.80236,4037.85,0.653426
0.0216554,0.00668101,0.000129564,0.598197,0.000250435,1.88E-06,0.800756,4039.47,0.652848
0.0216802,0.00669956,0.000129666,0.598446,0.00025068,1.88E-06,0.799159,4041.05,0.652271
0.021705,0.00671811,0.000129768,0.598695,0.000250925,1.89E-06,0.797568,4042.63,0.651696
0.0217297,0.00673666,0.000129869,0.598943,0.00025117,1.89E-06,0.795984,4044.2,0.651123
0.0217545,0.00675522,0.00012997,0.599192,0.000251415,1.89E-06,0.794406,4045.77,0.650551
0.0217793,0.00677377,0.000130072,0.59944,0.000251659,1.89E-06,0.792836,4047.34,0.649981
0.0218041,0.00679232,0.000130173,0.599689,0.000251904,1.89E-06,0.791272,4048.9,0.649412
0.0218288,0.00681088,0.000130274,0.599937,0.000252148,1.89E-06,0.789714,4050.46,0.648845
0.0218536,0.00682944,0.000130375,0.600185,0.000252392,1.89E-06,0.788163,4052.01,0.64828
0.0218784,0.00684799,0.000130476,0.600434,0.000252637,1.89E-06,0.786619,4053.56,0.647716
0.0219032,0.00686655,0.000130577,0.600682,0.000252881,1.90E-06,0.785081,4055.11,0.647153
0.0219279,0.00688511,0.000130678,0.60093,0.000253125,1.90E-06,0.783549,4056.65,0.646592
0.0219527,0.00690367,0.000130779,0.601179,0.000253369,1.90E-06,0.782024,4058.2,0.646033
0.0219775,0.00692223,0.00013088,0.601427,0.000253612,1.90E-06,0.780505,4059.73,0.645475
0.0220023,0.0069408,0.000130981,0.601675,0.000253856,1.90E-06,0.778992,4061.27,0.644919
0.022027,0.00695936,0.000131082,0.601923,0.0002541,1.90E-06,0.777486,4062.8,0.644364
0.0220518,0.00697792,0.000131182,0.602171,0.000254343,1.90E-06,0.775985,4064.32,0.64381
0.0220766,0.00699649,0.000131283,0.602419,0.000254587,1.91E-06,0.774491,4065.84,0.643258
0.0221014,0.00701506,0.000131383,0.602667,0.00025483,1.91E-06,0.773003,4067.36,0.642708
0.0221261,0.00703363,0.000131484,0.602915,0.000255074,1.91E-06,0.771521,4068.88,0.642158
0.0221509,0.00705219,0.000131584,0.603163,0.000255317,1.91E-06,0.770045,4070.39,0.641611
0.0221757,0.00707077,0.000131685,0.603411,0.00025556,1.91E-06,0.768574,4071.9,0.641065
0.0222005,0.00708934,0.000131785,0.603659,0.000255803,1.91E-06,0.76711,4073.4,0.64052
0.0222252,0.00710791,0.000131885,0.603907,0.000256046,1.91E-06,0.765652,4074.9,0.639977
0.02225,0.00712648,0.000131985,0.604154,0.000256289,1.91E-06,0.7642,4076.4,0.639435
0.0222748,0.00714506,0.000132086,0.604402,0.000256531,1.92E-06,0.762753,4077.89,0.638894
0.0222995,0.00716363,0.000132186,0.60465,0.000256774,1.92E-06,0.761312,4079.38,0.638355
0.0223243,0.00718221,0.000132286,0.604897,0.000257017,1.92E-06,0.759877,4080.87,0.637817
0.0223491,0.00720079,0.000132386,0.605145,0.000257259,1.92E-06,0.758448,4082.35,0.637281
0.0223739,0.00721937,0.000132486,0.605392,0.000257501,1.92E-06,0.757024,4083.83,0.636746
0.0223986,0.00723795,0.000132585,0.60564,0.000257744,1.92E-06,0.755606,4085.3,0.636212
0.0224234,0.00725653,0.000132685,0.605887,0.000257986,1.92E-06,0.754194,4086.77,0.63568
0.0224482,0.00727512,0.000132785,0.606134,0.000258228,1.92E-06,0.752787,4088.24,0.635149
0.022473,0.0072937,0.000132885,0.606381,0.00025847,1.93E-06,0.751386,4089.7,0.63462
0.0224977,0.00731229,0.000132984,0.606629,0.000258712,1.93E-06,0.74999,4091.16,0.634092
0.0225225,0.00733088,0.000133084,0.606876,0.000258954,1.93E-06,0.748599,4092.58,0.633565
0.0225473,0.00734947,0.000133183,0.607123,0.000259196,1.93E-06,0.747214,4094.05,0.633039
0.0225721,0.00736806,0.000133283,0.60737,0.000259437,1.93E-06,0.745834,4095.53,0.632515
0.0225968,0.00738665,0.000133383,0.607617,0.000259679,1.93E-06,0.74446,4097.03,0.631992
0.0226216,0.00740524,0.000133482,0.607864,0.000259921,1.93E-06,0.743091,4098.53,0.631471
0.0226464,0.00742383,0.000133581,0.608111,0.000260162,1.94E-06,0.741728,4100.05,0.630951
0.0226712,0.00744243,0.000133681,0.608358,0.000260403,1.94E-06,0.74037,4101.57,0.630432
0.0226959,0.00746102,0.00013378,0.608605,0.000260645,1.94E-06,0.739017,4103.11,0.629915
0.0227207,0.00747961,0.000133879,0.608852,0.000260886,1.94E-06,0.73767,4104.66,0.629399
0.0227455,0.0074982,0.000133978,0.609099,0.000261127,1.94E-06,0.736328,4106.22,0.628885
0.0227703,0.0075168,0.000134077,0.609346,0.000261368,1.94E-06,0.734991,4107.79,0.628372
0.022795,0.00753539,0.000134176,0.609593,0.000261609,1.94E-06,0.733659,4109.38,0.62786
0.0228198,0.00755398,0.000134275,0.60984,0.00026185,1.94E-06,0.732332,4110.97,0.627349
0.0228446,0.00757258,0.000134374,0.610087,0.00026209,1.95E-06,0.73101,4112.58,0.62684
0.0228694,0.00759117,0.000134473,0.610334,0.000262331,1.95E-06,0.729694,4114.2,0.626332
0.0228941,0.00760976,0.000134571,0.61058,0.000262571,1.95E-06,0.728383,4115.82,0.625826
0.0229189,0.00762836,0.00013467,0.610827,0.000262812,1.95E-06,0.727076,4117.47,0.625321
0.0229437,0.00764695,0.000134769,0.611074,0.000263052,1.95E-06,0.725775,4119.12,0.624817
0.0229685,0.00766554,0.000134867,0.611321,0.000263292,1.95E-06,0.724478,4120.78,0.624314
0.0229932,0.00768414,0.000134966,0.611568,0.000263532,1.95E-06,0.723187,4122.46,0.623813
0.023018,0.00770273,0.000135064,0.611815,0.000263772,1.95E-06,0.721901,4124.15,0.623313
0.0230428,0.00772132,0.000135163,0.612062,0.000264012,1.96E-06,0.720619,4125.84,0.622815
0.0230676,0.00773991,0.000135261,0.612309,0.000264252,1.96E-06,0.719343,4127.55,0.622318
0.0230923,0.0077585,0.000135359,0.612556,0.000264492,1.96E-06,0.718071,4129.28,0.621822
0.0231171,0.00777709,0.000135457,0.612803,0.000264732,1.96E-06,0.716804,4131.01,0.621327
0.0231419,0.00779568,0.000135555,0.61305,0.000264971,1.96E-06,0.715542,4132.76,0.620834
0.0231667,0.00781427,0.000135653,0.613297,0.00026521,1.96E-06,0.714285,4134.52,0.620342
0.0231914,0.00783286,0.000135751,0.613544,0.00026545,1.96E-06,0.713032,4136.28,0.619851
0.0232162,0.00785145,0.000135849,0.613792,0.000265689,1.97E-06,0.711784,4138.07,0.619362
0.023241,0.00787004,0.000135947,0.614039,0.000265928,1.97E-06,0.710541,4139.86,0.618874
0.0232658,0.00788863,0.000136045,0.614286,0.000266167,1.97E-06,0.709303,4141.66,0.618387
0.0232905,0.00790721,0.000136142,0.614533,0.000266406,1.97E-06,0.708069,4143.48,0.617902
0.0233153,0.0079258,0.00013624,0.61478,0.000266645,1.97E-06,0.70684,4145.31,0.617418
0.0233401,0.00794438,0.000136337,0.615028,0.000266884,1.97E-06,0.705615,4147.15,0.616935
0.0233649,0.00796297,0.000136435,0.615275,0.000267122,1.97E-06,0.704395,4149.01,0.616454
0.0233896,0.00798156,0.000136532,0.615522,0.000267361,1.97E-06,0.703179,4150.7,0.615973
0.0234144,0.00800014,0.000136629,0.61577,0.000267599,1.98E-06,0.701969,4152.58,0.615494
0.0234392,0.00801872,0.000136727,0.616017,0.000267837,1.98E-06,0.700762,4154.47,0.615016
0.023464,0.0080373,0.000136824,0.616264,0.000268076,1.98E-06,0.699561,4156.37,0.61454
0.0234887,0.00805588,0.000136921,0.616512,0.000268314,1.98E-06,0.698363,4158.28,0.614065
0.0235135,0.00807445,0.000137017,0.61676,0.000268552,1.98E-06,0.69717,4160.2,0.613591
0.0235383,0.00809303,0.000137114,0.617007,0.000268789,1.98E-06,0.695982,4162.13,0.613118
0.0235631,0.0081116,0.000137211,0.617255,0.000269027,1.98E-06,0.694798,4164.07,0.612647
0.0235878,0.00813018,0.000137308,0.617503,0.000269265,1.98E-06,0.693618,4166.03,0.612177
0.0236126,0.00814875,0.000137404,0.617751,0.000269502,1.99E-06,0.692443,4167.99,0.611709
0.0236374,0.00816732,0.000137501,0.617998,0.00026974,1.99E-06,0.691272,4169.97,0.611241
0.0236622,0.00818588,0.000137597,0.618246,0.000269977,1.99E-06,0.690105,4171.95,0.610775
0.0236869,0.00820445,0.000137693,0.618494,0.000270214,1.99E-06,0.688943,4173.95,0.61031
0.0237117,0.00822302,0.00013779,0.618742,0.000270451,1.99E-06,0.687785,4175.96,0.609844
0.0237365,0.00824158,0.000137886,0.618991,0.000270688,1.99E-06,0.686631,4177.99,0.609378
0.0237613,0.00826014,0.000137982,0.619239,0.000270925,1.99E-06,0.685481,4180.02,0.608914
0.023786,0.0082787,0.000138078,0.619487,0.000271162,1.99E-06,0.684336,4182.06,0.608451
0.0238108,0.00829726,0.000138174,0.619735,0.000271398,2.00E-06,0.683195,4184.12,0.607989
0.0238356,0.00831581,0.00013827,0.619984,0.000271635,2.00E-06,0.682058,4186.19,0.607528
0.0238604,0.00833437,0.000138365,0.620232,0.000271871,2.00E-06,0.680925,4188.26,0.607068
0.0238851,0.00835292,0.000138461,0.620481,0.000272107,2.00E-06,0.679796,4190.35,0.60661
0.0239099,0.00837147,0.000138556,0.62073,0.000272343,2.00E-06,0.678672,4192.46,0.606153
0.0239347,0.00839001,0.000138652,0.620978,0.000272579,2.00E-06,0.677551,4194.57,0.605697
0.0239595,0.00840856,0.000138747,0.621227,0.000272815,2.00E-06,0.676435,4196.69,0.605243
0.0239842,0.0084271,0.000138842,0.621476,0.000273051,2.00E-06,0.675322,4198.83,0.60479
0.024009,0.00844564,0.000138937,0.621725,0.000273287,2.01E-06,0.674214,4200.98,0.604338
0.0240338,0.00846418,0.000139032,0.621975,0.000273522,2.01E-06,0.67311,4203.14,0.603887
0.0240586,0.00848272,0.000139127,0.622224,0.000273758,2.01E-06,0.672009,4205.31,0.603437
0.0240833,0.00850125,0.000139222,0.622473,0.000273993,2.01E-06,0.670913,4207.49,0.602989
0.0241081,0.00851978,0.000139316,0.622723,0.000274228,2.01E-06,0.66982,4209.69,0.602542
0.0241329,0.00853831,0.000139411,0.622972,0.000274463,2.01E-06,0.668732,4211.9,0.602096
0.0241577,0.00855683,0.000139506,0.623222,0.000274698,2.01E-06,0.667647,4214.12,0.601652
0.0241824,0.00857535,0.0001396,0.623472,0.000274933,2.01E-06,0.666567,4216.35,0.601208
0.0242072,0.00859387,0.000139694,0.623721,0.000275168,2.02E-06,0.66549,4218.59,0.600766
0.024232,0.00861239,0.000139789,0.623971,0.000275402,2.02E-06,0.664417,4220.85,0.600325
0.0242568,0.00863091,0.000139883,0.624222,0.000275637,2.02E-06,0.663348,4223.11,0.599886
0.0242815,0.00864942,0.000139977,0.624472,0.000275871,2.02E-06,0.662282,4225.39,0.599447
0.0243063,0.00866793,0.00014007,0.624722,0.000276105,2.02E-06,0.661221,4227.65,0.59901
0.0243311,0.00868643,0.000140164,0.624972,0.000276339,2.02E-06,0.660163,4229.94,0.598574
0.0243559,0.00870494,0.000140258,0.625223,0.000276573,2.02E-06,0.659109,4232.23,0.598139
0.0243806,0.00872344,0.000140351,0.625474,0.000276807,2.02E-06,0.658059,4234.52,0.597705
0.0244054,0.00874194,0.000140445,0.625724,0.00027704,2.02E-06,0.657012,4236.8,0.597273
0.0244302,0.00876043,0.000140538,0.625975,0.000277274,2.03E-06,0.655969,4239.08,0.596842
0.024455,0.00877893,0.000140631,0.626226,0.000277507,2.03E-06,0.65493,4241.36,0.596411
0.0244797,0.00879742,0.000140724,0.626477,0.000277741,2.03E-06,0.653894,4243.63,0.595982
0.0245045,0.00881591,0.000140817,0.626728,0.000277974,2.03E-06,0.652862,4245.9,0.595554
0.0245293,0.0088344,0.00014091,0.626979,0.000278207,2.03E-06,0.651833,4248.16,0.595128
0.0245541,0.00885288,0.000141003,0.62723,0.00027844,2.03E-06,0.650808,4250.42,0.594702
0.0245788,0.00887137,0.000141096,0.627482,0.000278672,2.03E-06,0.649787,4252.68,0.594277
0.0246036,0.00888985,0.000141188,0.627733,0.000278905,2.03E-06,0.648769,4254.94,0.593854
0.0246284,0.00890833,0.000141281,0.627985,0.000279138,2.04E-06,0.647754,4257.19,0.593431
0.0246532,0.0089268,0.000141373,0.628236,0.00027937,2.04E-06,0.646743,4259.44,0.59301
0.0246779,0.00894528,0.000141465,0.628488,0.000279602,2.04E-06,0.645735,4261.68,0.59259
0.0247027,0.00896375,0.000141558,0.62874,0.000279835,2.04E-06,0.644731,4263.92,0.592171
0.0247275,0.00898223,0.00014165,0.628991,0.000280067,2.04E-06,0.643731,4266.16,0.591753
0.0247523,0.0090007,0.000141742,0.629243,0.000280299,2.04E-06,0.642733,4268.39,0.591336
0.024777,0.00901916,0.000141833,0.629495,0.00028053,2.04E-06,0.641739,4270.62,0.59092
0.0248018,0.00903763,0.000141925,0.629747,0.000280762,2.04E-06,0.640749,4272.85,0.590506
0.0248266,0.00905609,0.000142017,0.629999,0.000280994,2.05E-06,0.639761,4275.07,0.590092
0.0248514,0.00907455,0.000142108,0.630251,0.000281225,2.05E-06,0.638777,4277.29,0.589679
0.0248761,0.00909301,0.0001422,0.630504,0.000281456,2.05E-06,0.637797,4279.5,0.589268
0.0249009,0.00911147,0.000142291,0.630756,0.000281688,2.05E-06,0.636819,4281.71,0.588858
0.0249257,0.00912993,0.000142382,0.631009,0.000281919,2.05E-06,0.635845,4283.92,0.588448
0.0249505,0.00914838,0.000142473,0.631261,0.00028215,2.05E-06,0.634874,4286.13,0.58804
0.0249752,0.00916684,0.000142565,0.631514,0.00028238,2.05E-06,0.633907,4288.33,0.587632
0.025,0.00918529,0.000142655,0.631766,0.000282611,2.05E-06,0.632942,4290.52,0.587225